ID,2023-04-05,2023-04-06,2023-04-07,2023-04-08,2023-04-09,2023-04-10,2023-04-11,2023-04-12,2023-04-13,2023-04-14,2023-04-15,2023-04-16,2023-04-17,2023-04-18,2023-04-19,2023-04-20,2023-04-21,2023-04-22,2023-04-23,2023-04-24,2023-04-25
0,0,0,1,0,1,1,1,1,0,1,1,1,1,0,0,1,0,1,0,1,0
10,0,0,0,0,0,0,0,0,0,0,0,0,0,0,0,0,0,0,0,0,0
20,1,2,2,1,2,1,2,2,2,2,2,2,2,1,2,2,2,2,1,2,2
30,0,0,0,1,0,1,1,1,1,1,1,1,1,1,1,1,1,1,1,1,2
40,3,6,6,16,10,19,14,25,20,19,16,20,24,22,25,20,21,26,25,24,28
50,5,5,5,4,5,4,4,4,4,4,4,4,4,4,4,4,4,4,4,4,4
60,0,0,0,0,1,0,1,0,1,1,1,1,1,0,0,0,1,0,1,0,1
70,0,0,0,0,0,1,0,1,1,0,0,1,1,1,1,1,1,1,1,1,1
80,0,0,0,0,0,0,0,0,0,0,0,0,0,0,0,0,0,0,0,0,0
90,0,0,0,0,0,0,0,0,0,0,0,0,0,0,0,0,0,0,0,0,0
100,0,0,0,0,0,0,0,0,0,0,0,0,0,0,0,0,0,0,0,0,0
110,16,15,15,14,15,14,14,14,15,14,14,14,13,13,14,13,13,13,13,14,13
120,9,9,9,8,9,8,8,8,8,8,8,8,8,7,7,8,7,7,7,7,7
130,0,0,0,0,0,1,0,0,0,0,0,0,1,0,1,0,1,1,1,1,1
140,1,0,1,2,1,2,2,2,2,2,1,2,2,2,3,2,2,2,2,3,3
150,3,4,5,2,6,4,6,4,7,5,6,7,7,4,5,7,6,6,6,6,6
160,5,2,5,4,6,6,7,5,10,7,8,8,8,6,7,7,8,6,10,6,8
170,1,1,1,0,1,1,1,1,1,1,1,1,1,1,1,1,1,1,1,1,1
180,1,1,1,1,1,1,1,1,1,1,1,1,1,1,1,1,1,1,1,1,1
190,0,0,0,0,0,0,0,0,0,0,0,0,0,0,0,0,0,0,0,0,0
200,1,1,1,1,1,1,1,1,1,1,1,1,1,0,1,1,1,1,0,1,1
210,0,0,0,0,0,0,0,0,0,0,0,0,0,0,0,0,0,0,0,0,0
220,1,1,1,1,1,2,1,1,2,2,2,2,2,2,2,2,2,2,2,2,2
230,0,0,0,0,0,0,0,0,0,0,0,0,0,0,0,0,0,0,0,0,0
240,0,0,0,0,0,0,0,0,0,0,0,0,0,0,0,0,0,0,0,0,0
250,2,2,2,2,2,2,2,2,2,2,2,2,2,2,2,3,2,2,2,2,2
260,3,4,5,4,5,4,5,5,6,4,5,5,5,5,5,6,5,5,5,5,5
270,0,0,0,0,0,0,0,0,0,0,0,0,0,0,0,0,0,0,0,0,0
280,1,1,1,3,2,3,3,3,3,3,2,3,3,3,4,3,3,3,4,4,4
290,0,0,0,0,0,0,0,0,0,0,0,0,0,0,0,0,0,0,0,0,0
300,4,4,5,4,6,4,5,4,6,5,5,5,5,4,5,5,5,5,5,5,5
310,0,0,0,0,0,0,0,0,0,0,0,0,0,0,0,0,0,0,0,0,0
320,3,3,3,5,4,5,5,5,5,5,5,5,5,5,6,5,5,6,6,6,6
330,2,2,2,2,2,2,2,2,2,2,2,2,2,2,2,2,2,2,2,2,2
340,0,1,1,0,1,1,1,1,1,1,1,1,1,1,1,1,1,1,1,1,1
350,0,0,0,0,0,0,0,0,0,0,0,0,0,0,0,0,0,0,0,0,0
360,0,0,0,0,0,0,0,0,0,0,0,0,0,0,0,0,0,0,0,0,0
370,0,0,0,0,0,0,0,0,0,0,0,0,0,0,0,0,0,0,0,0,0
380,41,40,38,36,38,36,37,35,37,35,35,35,34,33,33,35,33,32,32,32,32
390,1,2,2,1,2,2,2,1,2,2,2,2,2,2,2,2,2,2,2,2,2
400,0,0,0,0,0,0,0,0,0,0,0,0,0,0,0,0,0,0,0,0,0
410,1,1,1,1,2,1,2,1,2,2,2,2,2,1,2,1,2,2,2,2,2
420,1,1,1,1,1,1,1,1,2,1,2,2,2,1,1,2,1,2,1,1,2
430,0,1,1,0,1,1,1,0,1,1,1,1,1,1,1,1,1,1,1,1,1
440,4,5,4,4,5,4,4,4,5,4,4,4,4,4,4,5,4,4,4,4,4
450,0,1,1,0,1,1,1,1,1,1,1,1,1,1,1,1,1,1,1,1,1
460,0,0,0,0,0,0,0,0,0,0,0,0,0,0,0,0,0,0,0,0,0
470,0,0,0,0,0,0,0,0,0,0,0,0,0,0,0,0,0,0,0,0,0
480,0,0,0,0,0,0,0,0,0,0,0,0,0,0,0,0,0,0,0,0,0
490,50,46,44,45,43,43,41,41,42,40,40,38,39,40,38,37,36,36,38,36,37
500,0,0,0,0,0,0,0,0,0,0,0,0,0,0,0,0,0,0,0,0,0
510,1,1,1,1,1,1,1,1,1,1,1,1,1,1,1,1,1,1,1,1,1
520,15,15,15,14,15,14,15,13,15,14,14,15,14,14,14,15,14,13,13,13,13
530,1,2,3,1,3,3,4,3,5,4,5,4,4,3,5,5,5,4,4,4,5
540,0,0,0,0,0,0,0,0,0,0,0,0,0,0,0,0,0,0,0,0,0
550,0,0,0,0,0,0,0,0,0,0,0,0,0,0,0,0,0,0,0,0,0
560,6,7,6,6,6,6,7,6,7,6,6,6,6,6,6,7,6,6,6,6,6
570,3,3,3,3,3,3,3,3,3,3,3,3,3,3,3,3,3,3,3,3,3
580,35,40,37,33,39,34,41,35,42,36,37,38,37,36,36,40,36,35,35,37,36
590,1,1,1,1,1,1,1,1,1,1,1,1,1,1,1,1,1,1,1,1,1
600,3,3,3,3,3,3,3,3,3,3,3,3,3,3,3,3,3,3,2,3,3
610,1,2,1,1,1,1,1,1,2,1,1,1,1,1,1,1,1,1,1,1,1
620,0,0,0,0,0,0,0,0,0,0,0,0,0,0,0,0,0,0,0,0,0
630,0,0,0,0,0,0,0,0,0,0,0,0,0,0,0,0,0,0,0,0,0
640,0,0,0,0,0,0,0,0,0,0,0,0,0,0,0,0,0,0,0,0,0
650,0,0,0,0,0,0,0,0,0,0,0,0,0,0,0,0,0,0,0,0,0
660,0,0,0,0,0,0,0,0,0,0,0,0,0,0,0,0,0,0,0,0,0
670,1,1,1,1,1,1,1,1,1,1,1,1,1,1,1,1,1,1,1,1,1
680,0,0,0,0,0,0,0,0,0,0,0,0,0,0,0,0,0,0,0,0,0
690,0,0,0,0,0,0,0,0,0,0,0,0,0,0,0,0,0,0,0,0,0
700,1,1,1,1,1,1,1,1,1,1,1,1,1,1,1,1,1,1,1,1,1
710,0,0,0,0,0,0,0,0,0,0,0,0,0,0,0,0,0,0,0,0,0
720,0,0,0,0,0,0,0,0,0,0,0,0,0,0,0,0,0,0,0,0,0
730,0,0,0,0,0,0,0,0,0,0,0,0,0,0,0,0,0,0,0,0,0
740,0,1,1,1,1,0,1,1,1,1,1,1,1,1,1,1,1,1,1,1,1
750,0,0,0,0,0,0,0,0,0,0,0,0,0,0,0,0,0,0,0,0,0
760,54,53,51,50,51,48,50,48,50,47,47,47,46,46,45,47,44,42,45,44,44
770,1,1,1,1,1,1,2,1,2,1,1,2,1,1,1,2,1,1,1,1,1
780,0,0,0,0,0,0,0,0,1,1,1,1,0,0,1,1,0,0,0,1,1
790,1,1,1,1,1,1,1,1,1,1,1,1,1,1,1,1,1,1,1,1,1
800,24,23,22,22,22,21,21,20,21,20,20,20,20,20,19,20,19,18,19,18,19
810,1,1,1,1,2,1,2,1,2,2,2,2,1,2,2,2,1,1,2,2,2
820,0,1,1,1,1,1,1,1,1,1,1,1,1,1,1,1,1,1,1,1,1
830,1,2,2,2,2,2,2,1,2,2,2,2,1,2,2,2,2,2,2,2,2
840,0,0,0,0,1,0,1,0,1,0,0,1,1,1,1,1,1,1,1,1,1
850,19,21,22,23,24,21,24,20,25,24,24,24,22,24,24,24,23,22,25,25,24
860,2,3,3,3,3,2,3,2,3,3,3,3,3,3,3,3,3,3,3,3,3
870,4,5,5,5,5,5,6,5,6,5,5,6,5,6,5,6,5,5,6,6,5
880,8,9,10,10,11,10,11,9,12,11,11,11,10,11,11,11,10,10,11,11,11
890,1,1,1,1,1,1,1,1,1,1,1,1,1,1,1,1,1,1,1,1,1
900,37,36,34,34,35,33,33,31,33,31,32,31,30,29,29,31,28,28,29,29,29
910,2,2,2,3,3,3,3,2,3,3,3,3,3,3,3,3,3,3,3,3,3
920,4,4,4,4,4,4,4,3,4,3,3,3,3,3,3,3,3,3,3,3,3
930,18,18,17,18,18,16,17,16,17,16,16,16,16,15,15,16,15,14,15,15,15
940,0,1,0,1,1,1,1,1,1,1,1,1,1,1,1,1,1,1,1,1,1
950,1,1,1,1,1,1,1,1,1,1,1,1,1,1,1,1,1,1,1,1,1
960,0,0,0,0,0,0,0,0,0,0,0,0,0,0,0,0,0,0,0,0,0
970,0,1,0,1,1,1,1,0,1,1,1,1,1,1,1,1,1,1,1,1,1
980,0,0,0,0,0,0,0,0,0,0,0,0,0,0,0,0,0,0,0,0,0
990,3,4,4,4,5,5,5,4,6,6,5,5,5,5,6,6,5,5,6,6,6
1000,4,3,3,3,3,3,3,3,3,3,3,3,3,3,3,3,3,3,3,3,3
1010,32,49,51,57,76,72,77,62,91,82,78,78,71,78,83,93,79,79,83,94,91
1020,0,0,0,1,1,1,1,1,1,1,1,1,1,1,1,1,1,1,1,1,1
1030,0,0,0,0,0,0,0,0,0,0,0,0,0,0,0,0,0,0,0,0,0
1040,3,3,3,4,5,4,5,4,5,5,4,5,4,4,5,5,4,4,5,5,5
1050,4,5,5,5,5,4,6,4,7,5,5,5,6,5,6,6,5,5,5,6,6
1060,0,0,0,0,0,0,0,0,0,0,0,0,0,0,0,0,0,0,0,0,0
1070,9,13,13,14,19,18,19,15,22,20,19,19,17,19,20,22,19,19,20,22,22
1080,0,0,0,0,0,0,0,0,1,1,0,0,0,0,1,1,0,0,1,1,1
1090,0,0,0,0,0,0,0,0,0,0,0,0,0,0,0,0,0,0,0,0,0
1100,0,0,0,0,0,0,0,0,0,0,0,0,0,0,0,0,0,0,0,0,0
1110,0,0,0,0,0,0,0,0,0,0,0,0,0,0,0,0,0,0,0,0,0
1120,1,1,1,1,1,1,1,1,1,1,1,1,1,1,1,1,1,1,1,1,1
1130,7,7,6,7,6,6,6,6,6,6,6,6,6,6,6,6,5,5,6,5,6
1140,2,2,2,2,2,2,2,1,2,2,2,2,2,2,2,2,2,1,2,2,2
1150,0,0,0,0,0,0,0,0,0,0,0,0,0,0,0,0,0,0,0,0,0
1160,1,1,1,1,1,1,1,1,1,1,1,1,1,1,1,1,1,1,1,1,1
1170,2,3,3,3,3,2,3,2,3,3,3,3,3,3,3,3,3,3,2,3,3
1180,27,32,33,33,32,26,35,27,40,34,34,35,34,31,35,36,31,32,29,36,35
1190,0,0,0,0,0,0,0,0,0,0,0,0,0,0,0,0,0,0,0,0,0
1200,0,0,0,0,0,0,0,0,0,0,0,0,0,0,0,0,0,0,0,0,0
1210,2,2,2,2,2,2,2,2,2,2,2,2,2,2,2,2,2,2,2,2,2
1220,0,0,0,0,0,0,0,0,0,0,0,0,0,0,0,0,0,0,0,0,0
1230,4,4,4,4,4,4,4,4,4,4,4,4,4,4,4,4,4,4,4,4,4
1240,1,1,1,1,1,1,1,1,1,1,1,1,1,1,1,1,1,1,1,1,1
1250,0,0,0,0,0,0,0,0,0,0,0,0,0,0,0,0,0,0,0,0,0
1260,0,0,0,0,0,0,0,0,0,0,0,0,0,0,0,0,0,0,0,0,0
1270,7,7,7,7,7,7,7,7,8,7,7,7,7,7,7,8,7,6,7,7,7
1280,0,0,0,0,0,0,0,0,0,0,0,0,0,0,0,0,0,0,0,0,0
1290,16,14,14,14,13,13,13,13,13,13,12,12,12,13,12,11,12,11,12,11,12
1300,0,0,0,0,0,0,0,0,0,0,0,0,0,0,0,0,0,0,0,0,0
1310,5,5,5,5,5,4,5,4,5,4,4,4,4,4,4,4,4,4,4,4,4
1320,0,0,0,0,0,0,0,0,0,0,0,0,0,0,0,0,0,0,0,0,0
1330,0,0,0,0,0,0,0,0,0,0,0,0,0,0,0,0,0,0,0,0,0
1340,2,2,2,3,2,2,3,3,3,2,3,3,3,3,3,3,3,3,3,3,3
1350,0,0,0,0,0,0,0,0,0,0,0,0,0,0,0,0,0,0,0,0,0
1360,13,19,19,22,22,21,25,25,29,24,24,25,25,28,28,28,26,27,29,28,30
1370,0,1,1,1,1,1,1,1,1,1,1,1,1,1,1,1,1,1,1,1,2
1380,0,1,1,1,1,1,1,1,1,1,1,1,1,1,1,1,1,1,1,1,1
1390,3,3,3,3,3,3,3,3,3,3,3,3,3,3,3,3,3,3,3,3,3
1400,1,2,2,2,2,2,2,2,3,2,2,2,2,3,3,3,3,3,3,3,3
1410,0,0,0,0,0,0,0,0,0,0,0,0,0,0,0,0,0,0,0,0,0
1420,10,18,18,22,27,25,28,25,29,28,25,26,23,30,28,31,30,28,28,32,34
1430,26,28,29,28,27,27,30,30,31,27,27,28,26,29,29,31,26,27,29,29,29
1440,1,1,1,1,1,1,2,2,2,1,1,1,1,2,2,2,1,1,2,2,2
1450,0,0,0,0,0,0,0,0,0,0,0,0,0,0,0,0,0,0,0,0,0
1460,1,1,1,1,1,1,1,1,1,1,1,1,1,1,1,1,1,1,1,1,1
1470,0,0,0,0,0,0,0,0,0,0,0,0,0,0,0,0,0,0,0,0,0
1480,1,1,1,1,1,1,1,1,1,1,1,1,1,1,1,1,1,1,1,1,1
1490,81,75,71,74,69,70,67,68,69,66,64,62,64,65,63,60,60,59,62,58,61
1500,8,8,7,7,7,7,7,7,7,7,7,7,7,7,7,7,6,6,6,6,6
1510,2,2,2,2,2,2,2,2,2,2,2,2,2,2,2,2,2,2,2,2,2
1520,5,5,4,5,4,4,4,4,4,4,4,4,4,4,4,4,4,4,4,4,4
1530,0,0,0,0,0,0,0,0,0,0,0,0,0,0,0,0,0,0,0,0,0
1540,0,0,0,0,0,0,1,1,1,0,0,1,0,1,1,1,1,1,1,1,1
1550,0,0,0,0,0,0,0,0,0,0,0,0,0,0,0,0,0,0,0,0,0
1560,2,3,3,4,4,4,4,4,4,4,4,4,3,5,4,4,4,4,4,4,5
1570,0,0,0,0,0,0,0,0,0,0,0,0,0,0,0,0,0,0,0,0,0
1580,2,2,2,3,3,3,3,3,3,3,3,3,2,3,3,3,3,3,3,3,3
1590,0,0,0,0,0,0,0,0,0,0,0,0,0,0,0,0,0,0,0,0,0
1600,1,1,1,1,1,1,1,1,1,1,1,1,1,1,1,1,1,1,1,1,1
1610,0,0,0,0,0,0,0,0,0,0,0,0,0,0,0,0,0,0,0,0,0
1620,0,0,0,0,0,0,0,0,0,0,0,0,0,0,0,0,0,0,0,0,0
1630,0,0,0,0,0,0,0,0,0,0,0,0,0,0,0,0,0,0,0,0,0
1640,0,0,0,0,0,0,0,0,0,0,0,0,0,0,0,0,0,0,0,0,0
1650,0,0,0,0,0,0,0,0,0,0,0,0,0,0,0,0,0,0,0,0,0
1660,0,1,1,1,1,1,1,1,1,1,1,1,1,1,1,1,1,1,1,1,1
1670,3,3,3,3,3,3,3,3,3,3,3,3,3,3,3,3,3,3,3,3,3
1680,19,20,21,20,20,20,22,21,23,20,20,21,19,21,23,22,21,20,20,21,21
1690,0,0,0,1,1,1,1,1,1,1,1,1,1,1,1,1,1,1,1,1,1
1700,0,1,1,1,1,1,1,1,1,1,1,1,1,1,1,1,1,1,1,1,1
1710,3,3,3,3,4,4,4,4,4,4,4,4,4,4,4,4,4,4,4,4,4
1720,0,1,1,1,1,1,1,1,2,1,1,2,2,2,2,2,2,2,2,2,2
1730,0,2,2,2,2,2,2,3,3,2,3,3,3,3,3,3,3,3,3,3,4
1740,10,11,11,10,11,10,11,10,11,10,10,11,10,10,10,11,10,10,10,10,10
1750,0,1,1,1,1,1,1,1,1,1,1,1,1,1,1,1,1,1,1,1,1
1760,1,1,1,1,1,2,2,2,2,2,2,2,2,2,2,2,2,2,2,2,2
1770,1,2,2,2,2,2,2,2,2,2,2,2,2,2,2,2,2,2,2,2,2
1780,0,0,0,0,0,0,0,0,0,0,0,0,0,0,0,0,0,0,0,0,0
1790,0,0,0,0,0,0,0,0,0,0,0,0,0,0,0,0,0,0,0,0,0
1800,0,0,1,1,1,1,1,1,1,1,1,1,1,1,1,1,1,1,1,1,1
1810,0,0,0,0,0,0,0,0,0,0,0,0,0,0,0,0,0,0,0,0,0
1820,1,1,1,1,1,1,1,1,1,1,1,1,1,1,1,1,1,1,1,1,1
1830,15,23,24,23,27,26,29,28,32,28,28,31,28,32,32,33,32,32,30,31,34
1840,0,1,1,1,1,1,1,1,1,1,1,1,1,1,1,1,1,1,1,1,1
1850,4,4,4,4,4,4,4,4,4,4,4,4,4,4,4,4,4,4,4,4,4
1860,3,3,4,4,4,4,4,4,5,4,4,4,4,5,4,5,5,4,4,5,5
1870,0,0,1,1,1,1,1,1,1,1,1,1,1,1,1,1,1,1,1,1,1
1880,0,0,0,0,0,0,0,0,0,0,0,0,0,0,0,0,0,0,0,0,0
1890,0,0,0,0,0,0,0,0,0,0,0,0,0,0,0,0,0,0,0,0,0
1900,0,1,1,1,1,2,2,2,2,2,2,2,2,2,2,2,2,2,2,2,2
1910,0,0,0,0,0,0,1,1,1,1,0,0,0,1,1,1,1,1,1,1,1
1920,1,1,1,1,1,2,2,2,2,2,2,2,1,2,2,2,2,2,2,2,2
1930,0,0,0,1,1,1,1,1,1,1,1,1,1,1,1,1,1,1,1,1,1
1940,64,63,62,62,61,59,60,57,61,58,57,58,54,56,54,55,52,51,53,52,52
1950,4,6,7,9,8,9,10,10,10,10,9,9,9,12,11,11,12,10,10,11,13
1960,0,1,1,1,1,1,1,1,1,1,1,1,1,1,1,1,1,1,1,1,1
1970,0,0,0,0,0,0,0,0,0,0,0,0,0,0,0,0,0,0,1,0,0
1980,0,0,0,0,0,0,0,0,0,0,0,0,0,0,0,0,0,0,0,0,0
1990,1,1,1,1,1,1,1,1,1,1,1,1,1,1,1,1,1,1,1,1,1
2000,11,11,11,11,11,10,11,10,11,10,10,11,10,10,10,10,10,10,10,10,10
2010,0,1,1,1,1,2,2,2,2,2,2,2,2,2,2,2,2,2,2,2,3
2020,0,0,0,0,0,0,0,0,0,0,0,0,0,0,0,0,0,0,0,0,0
2030,0,1,1,1,1,2,2,2,2,2,2,2,2,2,2,2,2,2,2,2,2
2040,0,1,1,1,2,2,2,2,2,2,2,2,2,2,2,3,3,3,2,3,3
2050,2,2,2,2,2,2,2,2,2,2,2,2,2,2,2,2,2,2,2,2,2
2060,18,51,68,72,77,79,94,88,102,102,97,90,76,120,104,118,114,112,97,117,130
2070,0,1,1,1,1,1,1,1,1,1,1,1,1,1,1,1,1,1,1,1,1
2080,0,0,0,0,0,0,0,0,0,0,0,0,0,0,0,0,0,0,0,0,0
2090,0,0,0,0,0,0,0,0,0,0,0,0,0,0,0,0,0,0,0,0,0
2100,0,0,1,1,1,1,1,1,1,1,1,1,1,1,1,1,1,1,1,1,1
2110,26,26,25,25,25,24,25,23,25,24,23,24,22,23,22,23,22,21,21,22,21
2120,0,0,0,0,0,0,0,0,0,0,0,0,0,0,0,0,0,0,0,0,0
2130,0,1,1,1,1,1,1,1,1,1,1,1,1,1,1,1,1,1,1,1,1
2140,0,0,0,1,0,1,1,1,1,1,1,1,0,1,1,1,1,1,1,1,1
2150,0,1,1,1,1,1,1,1,1,1,1,1,1,1,1,1,1,1,1,1,1
2160,0,0,1,0,1,1,1,1,1,1,1,1,1,2,2,2,2,2,1,2,2
2170,0,0,0,0,0,0,0,0,0,0,0,0,0,0,0,0,0,0,0,0,0
2180,0,1,2,2,2,3,3,3,3,3,3,3,3,4,4,3,3,4,3,4,4
2190,0,0,0,0,0,0,0,0,0,0,0,0,0,0,0,0,0,0,0,0,0
2200,0,0,0,1,1,1,1,1,1,1,1,1,1,1,1,1,1,1,1,1,1
2210,4,4,4,4,4,4,4,4,4,4,4,4,4,4,4,4,3,3,3,3,3
2220,0,0,0,0,0,0,0,0,0,0,0,0,0,0,0,0,0,0,0,0,0
2230,2,2,2,2,2,2,2,1,2,1,2,2,1,1,1,1,1,1,1,1,1
2240,0,0,0,0,0,0,0,0,0,0,0,0,0,1,0,1,1,1,0,1,1
2250,1,2,2,2,2,2,2,2,2,2,2,3,2,2,2,3,2,2,2,2,3
2260,0,0,1,1,1,1,1,1,1,1,1,1,1,1,1,1,1,1,1,1,1
2270,0,0,0,0,0,0,0,0,0,0,0,0,0,0,0,0,0,0,0,0,0
2280,1,1,1,1,1,1,1,1,1,1,1,1,1,1,1,1,1,1,1,1,1
2290,0,0,0,0,0,0,0,0,0,0,0,0,0,0,0,0,0,0,0,0,0
2300,0,1,1,1,1,1,1,1,1,1,1,1,1,1,1,1,1,1,1,1,1
2310,6,7,8,8,8,8,9,8,9,9,9,9,7,9,8,9,9,9,8,9,9
2320,0,0,0,0,0,0,0,0,0,0,0,0,0,0,0,0,0,0,0,0,0
2330,0,1,1,1,1,1,1,1,1,1,1,1,1,2,1,1,1,2,1,1,2
2340,1,4,5,6,6,7,7,7,8,7,7,7,7,9,8,7,8,9,7,8,9
2350,0,0,0,0,0,0,0,0,0,0,0,0,0,1,0,0,0,1,0,1,1
2360,0,0,0,0,0,0,0,0,0,0,0,0,0,0,0,0,0,0,0,0,0
2370,0,0,0,0,0,0,0,0,0,0,0,0,0,0,0,0,0,0,0,0,0
2380,0,0,1,1,1,1,1,1,1,1,1,1,1,2,1,1,1,2,1,2,2
2390,0,0,0,0,0,0,0,0,0,0,0,0,0,0,0,0,0,0,0,0,0
2400,4,4,4,3,3,3,3,3,3,3,3,3,3,3,3,3,3,3,3,3,3
2410,40,41,41,41,40,40,40,38,41,39,37,40,37,39,37,37,36,36,35,36,36
2420,0,0,0,1,0,1,1,1,1,1,1,1,1,1,1,1,1,1,1,1,1
2430,0,0,0,0,0,0,0,0,0,0,0,0,0,0,0,0,0,0,0,0,0
2440,0,0,0,0,0,0,0,0,0,0,0,0,0,0,0,0,0,0,0,0,0
2450,0,0,0,0,0,0,0,0,0,0,0,0,0,0,0,0,0,0,0,0,0
2460,0,1,1,1,1,1,1,2,1,1,1,1,1,2,1,2,2,2,2,2,2
2470,0,0,0,0,0,0,0,0,0,0,0,0,0,0,0,0,0,0,0,0,0
2480,0,0,0,0,0,0,0,0,0,0,0,0,0,0,0,0,0,0,0,0,0
2490,0,0,0,0,0,0,0,0,0,0,0,0,0,0,0,0,0,0,0,0,0
2500,0,0,0,0,0,0,0,0,0,0,0,0,0,1,0,1,1,1,0,1,1
2510,0,0,0,0,0,0,0,0,0,0,0,0,0,0,0,0,0,0,0,0,0
2520,5,6,6,6,7,7,7,7,7,6,7,7,7,7,8,8,8,7,7,7,7
2530,0,2,2,3,3,5,4,6,5,5,5,4,4,7,5,6,6,7,6,6,7
2540,2,3,3,3,4,4,4,4,4,4,4,4,3,5,4,5,5,5,4,5,5
2550,0,1,1,1,1,2,2,2,2,2,2,2,1,2,2,2,2,2,2,2,2
2560,0,0,0,0,0,0,0,0,0,0,0,0,0,1,0,0,0,1,0,1,1
2570,0,0,0,0,0,0,0,0,0,0,0,0,0,0,0,0,0,0,0,0,0
2580,45,44,42,40,42,40,40,38,39,37,38,38,37,37,37,37,35,35,35,35,34
2590,0,1,1,1,2,2,2,2,2,2,2,2,2,3,2,3,3,3,2,3,3
2600,0,0,0,0,0,0,0,0,0,0,0,0,0,0,0,0,0,0,0,0,0
2610,0,0,0,0,0,0,0,0,0,0,0,0,0,0,0,0,0,0,0,0,0
2620,2,5,6,7,7,8,8,8,9,9,9,8,8,10,9,9,10,11,9,11,11
2630,1,1,1,1,1,1,1,2,2,2,1,1,1,2,1,2,2,2,1,2,2
2640,0,0,0,0,0,0,0,0,0,0,0,0,0,0,0,0,0,0,0,0,0
2650,0,0,0,0,0,0,0,0,0,0,0,0,0,0,0,0,0,0,0,0,0
2660,13,14,14,13,14,14,14,13,14,13,13,13,12,13,12,13,13,13,12,13,13
2670,24,24,23,22,23,22,23,22,22,21,22,21,20,21,20,21,20,20,20,20,20
2680,0,0,0,0,0,1,0,1,1,1,1,1,0,1,1,1,1,1,1,1,1
2690,0,0,0,0,0,0,0,1,0,0,1,0,0,1,0,1,1,1,1,1,1
2700,0,1,1,1,1,1,1,1,1,1,1,1,1,1,1,1,1,1,1,1,1
2710,0,0,0,0,0,0,0,0,0,0,0,0,0,0,0,0,0,0,0,0,0
2720,0,0,0,0,0,0,0,0,0,0,0,0,0,0,0,0,0,0,0,0,0
2730,1,2,2,2,2,2,2,2,2,2,2,2,2,2,2,2,2,2,2,2,2
2740,0,0,0,0,0,1,1,1,1,1,1,1,1,1,1,1,1,1,1,1,1
2750,0,0,1,1,1,1,1,1,1,1,1,1,1,1,1,1,1,1,1,1,1
2760,1,1,1,1,1,1,1,1,1,1,1,1,1,1,1,1,1,1,1,1,1
2770,0,0,0,0,0,0,0,0,0,0,0,0,0,0,0,0,0,0,0,0,0
2780,106,100,99,97,95,94,93,91,92,88,89,89,86,86,85,83,81,81,83,82,80
2790,28,29,31,30,29,29,30,29,32,30,30,30,28,29,29,29,28,28,27,30,29
2800,0,0,1,1,1,1,1,1,1,1,1,1,1,1,1,1,1,1,1,1,1
2810,1,1,1,1,1,1,1,1,1,1,1,1,1,1,1,1,1,1,1,1,1
2820,23,23,23,22,22,22,22,21,22,21,21,22,20,20,20,20,19,19,19,20,19
2830,0,0,0,0,0,0,0,0,1,1,1,1,0,1,1,1,1,1,1,1,1
2840,2,2,2,2,2,2,2,2,2,2,2,2,2,2,2,2,2,2,2,2,2
2850,0,0,0,0,0,0,0,0,0,0,0,0,0,0,0,0,0,0,0,0,0
2860,0,0,0,0,0,0,0,0,0,0,0,0,0,0,0,0,0,0,0,0,0
2870,0,1,1,2,2,2,2,2,3,3,2,2,2,3,3,3,3,3,2,3,3
2880,0,0,0,0,0,0,0,0,0,0,0,0,0,0,0,0,0,0,0,0,0
2890,0,1,1,1,1,1,1,1,1,1,1,1,1,2,1,1,1,2,1,2,2
2900,7,7,7,7,7,7,7,7,7,7,7,7,7,7,7,7,7,7,7,7,7
2910,0,0,0,0,0,0,0,0,0,0,0,0,0,0,0,0,0,1,0,0,1
2920,0,0,0,0,0,0,0,0,0,0,0,0,0,0,0,0,0,0,0,0,0
2930,0,0,0,0,0,0,0,0,0,0,0,0,0,0,0,0,0,0,0,0,0
2940,0,0,0,0,0,0,0,0,0,0,0,0,0,0,0,0,0,0,0,0,0
2950,0,0,0,0,0,0,0,0,0,0,0,0,0,0,0,0,0,0,0,0,0
2960,0,0,0,0,0,0,0,0,0,0,0,0,0,0,0,0,0,0,0,0,0
2970,0,0,0,0,0,0,0,0,0,0,0,0,0,1,1,0,1,1,0,1,1
2980,1,1,1,1,1,1,1,1,1,1,1,1,1,1,1,1,1,1,1,1,1
2990,0,0,0,0,0,0,0,0,0,0,0,0,0,0,0,0,0,0,0,0,0
3000,0,0,1,1,1,1,1,1,1,1,1,1,1,1,1,1,1,1,1,1,1
3010,15,15,14,14,14,14,14,13,13,13,13,13,13,12,12,12,12,12,12,12,12
3020,0,0,0,0,0,0,0,0,0,0,0,0,0,0,0,0,0,0,0,0,0
3030,0,1,1,1,1,1,1,2,1,2,2,1,1,2,2,2,2,2,2,2,2
3040,3,4,4,4,4,4,4,4,5,4,5,4,4,4,4,5,4,5,4,5,5
3050,0,0,0,0,0,0,0,0,0,0,0,0,0,0,0,0,0,0,0,0,0
3060,0,0,0,0,0,0,0,0,0,0,0,0,0,0,0,0,0,0,0,0,0
3070,0,0,0,0,0,0,0,0,0,0,0,0,0,0,0,0,0,0,0,0,0
3080,0,0,0,0,0,0,0,0,1,1,1,0,0,1,1,1,1,1,1,1,1
3090,0,0,0,0,0,0,0,0,0,0,0,0,0,0,0,0,0,0,0,0,0
3100,4,4,4,4,4,3,3,3,4,3,3,3,3,3,3,3,3,3,3,3,3
3110,7,7,8,8,8,8,8,8,8,8,7,8,8,8,8,7,7,7,7,8,8
3120,0,0,0,0,0,0,0,0,0,0,0,0,0,0,0,0,0,0,0,0,0
3130,0,0,0,0,0,0,0,0,0,0,0,0,0,0,0,0,0,0,0,0,0
3140,36,34,33,32,32,32,32,31,31,30,30,30,29,29,28,28,28,27,28,28,27
3150,0,0,0,0,0,0,0,0,0,0,0,0,0,0,0,0,0,1,0,1,1
3160,0,1,2,1,2,2,2,2,3,3,3,3,3,3,3,4,4,4,3,4,4
3170,0,0,0,0,0,0,0,0,0,0,0,0,0,0,0,0,0,0,0,0,0
3180,0,0,0,0,0,0,0,0,0,0,0,0,0,0,0,0,0,0,0,0,0
3190,0,0,0,0,0,0,0,0,0,0,0,0,0,0,0,0,0,0,0,0,0
3200,0,0,0,0,0,0,0,0,0,0,0,0,0,0,0,0,0,0,0,0,0
3210,0,0,0,1,1,1,1,1,1,1,1,1,1,1,1,1,1,1,1,1,1
3220,0,0,0,0,0,0,0,0,1,1,1,0,0,1,1,1,1,1,1,1,1
3230,0,0,0,0,0,0,0,0,0,0,0,0,0,0,0,0,0,0,0,0,0
3240,72,72,69,66,69,67,66,65,66,63,65,64,62,61,59,62,59,61,58,60,58
3250,1,1,2,2,2,2,2,2,2,2,2,2,2,2,2,2,2,2,2,2,2
3260,0,0,0,0,0,0,0,0,0,0,0,0,0,0,0,0,0,0,0,0,0
3270,0,0,0,0,0,0,0,0,0,0,0,0,0,0,0,0,0,0,0,0,0
3280,0,0,0,0,0,0,0,0,0,0,0,0,0,0,0,0,0,0,0,0,0
3290,2,2,2,2,2,2,2,2,2,2,2,2,2,2,2,2,2,2,2,2,2
3300,0,0,0,0,0,0,0,0,0,0,0,0,0,0,0,0,0,0,0,0,0
3310,0,0,0,0,0,0,0,0,0,0,0,0,0,0,0,0,0,0,0,0,0
3320,4,4,4,4,4,4,4,3,4,3,4,3,3,3,3,3,3,3,3,3,3
3330,1,1,1,1,1,1,1,1,1,1,1,1,1,1,1,1,1,1,1,1,1
3340,0,0,0,0,0,0,0,0,0,0,0,0,0,0,0,0,0,0,0,0,0
3350,0,0,0,1,0,1,1,1,1,1,1,1,1,1,1,1,1,1,1,1,1
3360,0,0,0,1,1,1,1,1,1,1,1,1,1,1,1,1,1,1,1,1,1
3370,0,4,4,6,6,10,8,13,11,12,12,8,11,15,12,13,14,16,14,16,17
3380,0,1,1,1,2,2,2,3,2,3,3,2,2,3,3,3,3,3,3,3,4
3390,1,2,2,3,3,4,3,4,4,4,4,3,4,5,4,4,5,5,4,5,5
3400,0,0,0,0,0,0,0,0,0,0,0,0,0,0,0,0,0,0,0,0,0
3410,0,0,0,0,0,0,0,0,0,0,0,0,0,0,0,0,0,0,0,0,0
3420,0,0,0,1,1,1,1,1,1,1,1,1,1,1,1,1,1,1,1,1,1
3430,0,0,0,0,0,0,0,0,0,0,0,0,0,0,0,0,0,0,0,0,0
3440,3,3,3,3,3,3,3,3,3,3,3,3,3,3,3,3,3,3,3,3,3
3450,2,2,2,2,2,2,2,2,2,2,2,2,2,2,2,2,2,1,1,2,2
3460,0,0,0,0,0,0,0,0,0,0,0,0,0,0,0,0,0,0,0,0,0
3470,0,0,0,0,0,0,0,0,0,0,0,0,0,0,0,0,0,0,0,0,0
3480,0,0,1,1,1,1,1,1,2,2,2,1,1,2,2,2,2,2,2,2,2
3490,16,16,16,15,16,15,15,14,15,14,15,15,14,14,14,15,14,14,13,14,13
3500,5,6,6,5,5,5,5,5,6,5,5,5,5,5,5,5,5,5,5,5,5
3510,13,13,13,13,13,12,13,12,13,12,13,13,12,12,12,13,12,12,11,12,12
3520,0,0,0,0,0,0,0,0,0,0,0,0,0,0,0,0,0,0,0,0,0
3530,0,0,0,0,0,0,0,0,0,0,0,0,0,0,0,0,0,0,0,0,0
3540,0,0,0,0,0,0,0,0,0,0,0,0,0,0,0,0,0,0,0,0,0
3550,0,0,1,1,1,1,1,1,1,1,1,1,1,1,1,1,1,1,1,1,1
3560,0,0,0,0,0,0,0,0,0,0,0,0,0,0,0,0,0,0,0,0,0
3570,0,0,0,0,0,0,0,0,0,0,0,0,0,0,0,0,0,0,0,0,0
3580,42,42,41,39,40,39,39,38,39,37,38,38,36,36,35,36,35,36,34,35,34
3590,0,1,1,1,1,1,1,1,1,1,1,1,1,1,1,1,1,1,1,1,1
3600,0,0,0,0,0,0,0,0,0,0,0,0,0,0,0,0,0,0,0,0,0
3610,0,0,0,1,1,1,1,1,1,1,1,1,1,2,1,1,1,2,2,2,2
3620,2,2,2,2,2,2,2,2,2,2,2,2,2,2,2,2,2,2,2,2,2
3630,0,0,1,1,1,1,1,1,1,1,1,1,1,1,1,1,1,1,1,2,2
3640,0,0,0,0,0,0,0,0,0,0,0,0,0,0,0,0,0,0,0,0,0
3650,0,0,0,0,0,0,0,0,0,0,0,0,0,0,0,0,0,0,0,0,0
3660,0,1,1,1,1,2,1,2,2,2,2,1,2,2,2,2,2,2,2,2,2
3670,16,16,16,15,15,15,15,15,15,14,14,14,14,14,14,13,13,13,13,13,13
3680,0,0,0,0,0,0,0,0,0,0,0,0,0,0,0,0,0,0,0,0,0
3690,0,0,0,0,0,1,1,1,1,1,1,1,2,1,1,1,2,2,2,1,2
3700,0,0,0,0,0,0,0,0,0,0,0,0,0,0,0,0,0,0,0,0,0
3710,0,0,0,0,0,0,0,0,0,0,0,0,0,0,0,0,0,0,0,0,0
3720,0,0,0,0,0,0,0,0,0,0,0,0,0,0,0,0,0,0,0,0,0
3730,0,0,0,0,0,0,0,1,1,0,1,0,1,1,1,1,1,1,1,1,1
3740,0,0,0,0,0,0,0,0,0,0,0,0,0,0,0,0,0,0,0,0,0
3750,0,0,0,0,0,0,0,0,0,0,0,0,0,0,0,0,0,0,0,0,0
3760,0,0,0,0,0,0,0,0,1,0,0,0,1,1,1,1,1,1,1,1,1
3770,0,0,0,0,0,0,0,0,0,0,0,0,0,0,0,0,0,0,0,0,0
3780,0,0,0,1,1,1,1,1,1,1,1,1,1,1,1,1,1,1,1,1,1
3790,0,0,0,0,0,0,0,0,0,0,0,0,0,0,0,0,0,0,0,0,0
3800,0,0,0,0,0,0,0,0,0,0,0,0,0,0,0,0,0,0,0,0,0
3810,1,1,1,1,1,2,1,2,2,2,2,1,2,2,2,2,2,2,2,2,2
3820,5,5,5,5,5,4,5,4,5,4,4,4,4,4,4,4,4,4,4,4,4
3830,76,92,96,104,97,99,94,103,107,107,98,99,104,101,108,109,103,100,101,103,107
3840,64,171,217,286,274,295,247,321,391,373,334,279,379,360,390,400,405,422,418,425,463
3850,0,32,49,73,67,79,64,93,112,107,95,74,111,107,111,115,122,131,131,128,145
3860,0,2,3,4,4,5,4,5,7,6,6,4,7,6,7,7,7,8,8,8,9
3870,30,76,96,126,121,129,109,140,171,163,146,123,166,157,170,175,177,184,182,185,201
3880,0,3,5,8,7,8,7,10,12,11,10,8,12,11,12,12,13,14,14,14,15
3890,11,21,25,32,31,32,28,34,41,39,35,30,39,37,41,41,41,42,42,43,47
3900,329,381,394,420,392,394,376,408,424,421,387,396,407,397,422,423,403,388,390,401,412
3910,1,22,32,46,44,50,41,58,70,67,59,47,69,66,70,72,76,81,80,80,89
3920,27,38,41,49,45,46,42,48,54,53,47,45,51,50,54,54,52,51,51,54,56
3930,0,1,2,3,3,4,3,4,5,5,4,3,5,5,5,5,6,6,6,6,7
3940,0,2,4,6,5,6,5,7,9,8,7,6,8,8,8,9,9,10,10,10,11
3950,0,1,2,3,3,4,3,4,5,5,4,3,5,5,5,5,6,6,6,6,7
3960,0,2,3,4,4,5,4,5,6,6,5,4,6,6,6,7,7,8,8,7,8
3970,0,0,0,0,0,0,0,0,0,0,0,0,0,0,0,0,0,0,0,0,0
3980,0,2,2,2,2,2,3,2,3,3,3,3,3,3,3,4,3,4,3,4,4
3990,0,1,2,2,2,2,2,2,3,3,3,2,3,3,3,4,4,4,4,4,4
4000,18,22,21,22,22,23,21,23,23,23,23,23,22,23,22,23,23,24,22,23,24
4010,0,0,0,1,1,1,1,1,1,1,1,1,1,1,1,1,1,1,1,1,2
4020,0,0,0,1,1,1,1,1,1,1,1,1,1,1,1,1,1,1,1,1,1
4030,0,0,0,0,0,0,0,0,0,0,0,0,0,0,0,0,0,0,0,0,0
4040,6,7,8,8,8,8,7,8,9,8,8,8,8,8,8,8,8,8,8,8,9
4050,0,22,23,23,31,35,38,38,41,44,51,39,43,47,44,52,50,55,50,57,58
4060,0,1,1,1,1,2,2,2,2,2,2,2,2,3,2,2,3,3,3,3,3
4070,1,1,1,1,1,1,1,1,1,1,1,1,1,1,1,1,1,1,1,1,1
4080,0,0,0,0,0,0,0,0,0,0,0,0,0,0,0,0,0,0,0,0,0
4090,0,1,1,1,2,2,2,2,3,3,3,3,3,3,3,4,4,4,4,4,4
4100,2,2,2,2,2,2,2,2,2,2,2,2,2,2,2,2,2,2,2,2,2
4110,0,0,0,0,0,0,0,0,0,0,0,0,0,0,0,0,0,0,0,0,0
4120,0,0,1,1,1,1,1,1,1,1,1,1,1,1,1,1,1,1,2,2,2
4130,6,6,6,6,6,6,6,6,6,6,5,5,5,5,5,5,5,5,5,5,5
4140,0,0,0,0,0,0,0,0,0,0,0,0,0,0,0,0,0,0,0,0,0
4150,0,0,0,0,0,0,0,0,0,0,0,0,0,0,0,0,0,0,0,0,0
4160,0,0,0,0,0,0,0,0,0,0,0,0,0,0,0,0,0,0,0,0,0
4170,0,0,0,0,0,1,0,1,1,1,1,0,1,1,1,1,1,1,1,1,1
4180,1,1,1,1,1,1,1,1,1,1,1,1,1,1,1,1,1,1,1,1,1
4190,0,0,0,0,0,0,0,1,1,1,0,0,1,1,1,0,1,1,1,1,1
4200,1,1,1,2,1,2,2,2,2,2,2,2,2,2,2,2,2,2,3,2,2
4210,0,0,3,6,5,6,5,8,9,7,7,4,11,10,10,9,11,10,12,11,12
4220,0,0,0,0,0,0,0,0,0,0,0,0,0,0,0,0,0,0,0,0,0
4230,137,133,130,125,126,123,125,120,120,117,119,117,112,112,112,115,110,109,107,110,107
4240,1,1,1,1,1,1,1,1,1,1,1,1,1,1,1,1,1,1,1,1,1
4250,50,50,47,46,47,46,46,45,44,43,45,44,43,42,40,42,41,41,40,40,39
4260,9,9,10,9,9,9,9,9,9,9,9,9,8,8,9,9,8,8,8,8,8
4270,3,3,3,3,3,3,3,3,3,3,3,3,3,3,3,2,2,2,2,2,2
4280,125,139,131,135,135,137,131,134,135,134,137,135,129,131,127,134,130,131,124,128,130
4290,12,33,29,30,35,36,39,36,40,43,47,42,41,40,40,48,46,47,42,47,47
4300,0,0,0,0,0,0,0,0,0,0,0,0,0,0,0,0,0,0,0,0,0
4310,0,1,1,1,1,1,1,1,1,1,2,1,1,1,1,2,2,2,2,2,2
4320,67,66,63,62,62,61,60,60,59,58,58,57,57,56,54,55,54,54,52,53,52
4330,1,1,1,1,1,1,1,1,1,1,2,1,1,1,1,2,2,2,1,2,2
4340,7,6,6,6,6,6,6,6,6,6,6,5,5,5,5,5,5,5,5,5,5
4350,0,0,0,0,0,0,0,0,1,0,1,0,1,1,1,1,1,1,1,1,1
4360,1,3,3,2,3,3,4,3,4,4,5,4,4,4,4,5,5,5,5,5,5
4370,0,0,0,0,1,1,1,1,1,1,1,1,1,1,1,1,1,1,1,1,1
4380,0,0,0,0,0,0,0,0,0,0,0,0,0,0,0,0,0,0,0,0,0
4390,20,19,18,18,18,18,17,17,17,17,16,16,16,16,16,15,16,15,16,15,15
4400,0,1,1,1,1,1,1,1,1,2,2,1,2,1,2,2,2,2,2,2,2
4410,0,1,1,1,1,1,1,1,1,1,1,1,1,1,1,1,1,1,1,2,2
4420,0,0,0,0,0,0,0,0,0,0,0,0,0,0,0,0,0,0,0,0,0
4430,0,0,0,0,0,0,0,0,0,0,0,0,0,0,0,0,0,0,0,0,0
4440,0,1,1,1,1,1,1,1,1,1,2,1,1,1,1,2,2,2,2,2,2
4450,0,0,0,0,0,0,0,0,0,0,0,0,0,0,0,0,0,0,0,1,1
4460,0,0,0,0,0,0,0,0,0,0,0,0,0,0,0,0,0,0,0,0,0
4470,0,389,303,513,466,672,572,776,728,831,840,688,801,905,882,876,981,976,978,975,1094
4480,0,0,0,0,0,0,0,1,1,1,1,1,1,1,1,1,1,1,1,1,1
4490,0,0,0,0,0,0,0,0,1,0,1,0,1,1,1,1,1,1,1,1,1
4500,0,0,0,0,0,0,0,1,0,1,1,0,1,1,1,1,1,1,1,1,1
4510,2,9,14,16,19,21,20,25,25,23,26,18,28,26,27,29,31,32,33,32,33
4520,39,39,38,37,37,36,36,36,35,35,34,34,33,33,33,33,32,32,32,32,32
4530,1,6,5,7,7,10,8,11,10,11,11,9,11,13,12,12,13,13,13,13,14
4540,0,1,1,1,1,1,1,1,1,1,1,1,1,1,1,1,1,1,1,1,1
4550,0,0,0,0,0,0,1,1,1,1,1,1,1,1,1,1,1,1,1,1,1
4560,0,0,0,0,0,0,0,0,0,0,0,0,0,0,0,0,0,0,0,0,0
4570,2,2,2,2,2,2,2,2,2,2,2,2,2,2,2,2,2,2,2,2,2
4580,0,0,0,0,0,0,0,0,0,0,0,0,0,0,0,0,0,0,0,0,0
4590,0,0,0,0,0,0,0,0,0,0,0,0,0,0,0,0,0,0,0,0,0
4600,0,0,0,0,0,0,0,0,0,0,0,0,0,0,0,0,0,0,0,0,0
4610,0,1,1,2,1,2,2,2,2,2,2,2,2,3,3,3,3,3,3,3,3
4620,0,0,0,0,0,0,0,0,0,0,0,0,0,0,0,0,0,0,0,0,0
4630,0,0,0,0,0,0,0,0,0,0,0,0,0,0,0,0,0,0,0,0,0
4640,0,0,0,0,0,0,0,0,0,0,0,0,0,0,0,0,0,0,0,0,0
4650,1,1,1,1,1,1,1,1,1,1,1,1,1,1,1,1,1,1,1,1,1
4660,3,8,10,8,10,11,14,11,13,13,15,13,13,14,14,17,16,15,16,17,16
4670,0,0,0,0,0,0,0,0,0,0,0,0,0,0,0,0,0,0,0,0,0
4680,0,1,1,1,1,1,1,1,1,1,2,1,2,2,2,2,2,2,2,2,2
4690,0,0,0,0,0,0,0,0,0,0,0,0,0,0,0,0,0,0,0,0,0
4700,177,168,162,162,156,157,155,153,148,146,147,142,142,143,140,137,137,135,137,134,134
4710,0,0,0,0,0,0,0,0,0,0,0,0,0,0,0,0,0,0,0,0,0
4720,0,0,0,0,0,0,0,0,0,0,0,0,0,0,0,0,0,0,0,0,0
4730,0,1,1,1,1,1,1,1,1,1,1,1,1,1,1,1,1,1,1,1,1
4740,0,0,0,0,0,0,0,0,0,0,0,0,0,0,0,1,1,0,1,1,1
4750,1,2,3,2,3,3,3,3,3,3,4,3,3,3,3,4,4,3,4,4,4
4760,0,0,0,0,0,0,0,0,0,0,0,0,0,0,0,0,0,0,0,0,0
4770,1,1,1,1,1,1,1,1,1,1,1,1,1,1,1,1,1,1,1,1,1
4780,1,3,5,5,6,7,7,8,8,8,9,6,9,9,9,10,10,11,11,11,11
4790,0,0,0,0,0,0,0,0,0,0,0,0,0,0,0,0,0,0,0,0,0
4800,17,22,27,29,31,32,30,36,33,29,31,27,41,34,35,35,39,37,39,41,38
4810,0,0,1,1,1,1,1,1,1,1,1,1,1,1,1,1,1,1,1,1,1
4820,1,1,1,1,1,1,1,1,1,1,1,1,1,1,1,1,1,1,1,1,1
4830,0,0,0,0,0,0,0,0,0,0,0,0,0,0,0,0,0,0,0,0,0
4840,0,1,1,1,1,2,1,2,2,2,2,2,2,2,2,2,2,2,2,2,3
4850,0,0,0,0,0,0,0,0,0,0,0,0,0,0,0,0,0,0,1,0,0
4860,2,2,2,1,1,1,1,1,1,1,1,1,1,1,1,1,1,1,1,1,1
4870,1,1,1,1,1,1,1,1,1,1,1,1,1,1,1,1,1,1,1,1,1
4880,0,0,0,0,0,0,0,0,0,0,0,0,0,0,0,0,0,0,0,0,0
4890,0,0,0,0,0,0,0,0,0,0,0,0,0,0,0,0,1,1,1,1,1
4900,0,0,0,0,0,0,0,0,0,0,0,0,0,0,0,0,0,0,0,0,0
4910,4,3,3,3,3,3,3,3,3,3,3,3,3,3,3,3,3,3,3,3,3
4920,3,3,3,3,3,3,3,3,2,2,2,2,2,2,2,2,2,2,2,2,2
4930,0,1,1,1,1,1,1,1,1,1,1,1,1,1,1,1,1,1,1,1,1
4940,0,0,0,0,0,0,0,0,0,0,0,0,0,0,0,0,0,0,0,0,0
4950,66,64,60,60,59,59,58,57,56,55,56,54,54,54,52,52,52,52,51,50,50
4960,1,1,2,2,2,2,2,3,2,2,2,2,3,3,3,2,3,3,3,3,3
4970,1,2,3,3,3,4,3,4,4,4,4,3,5,4,4,4,5,5,5,5,5
4980,0,1,1,1,1,1,1,1,1,1,1,1,1,1,1,1,1,1,1,1,1
4990,0,0,0,0,0,0,0,0,0,0,0,0,0,0,0,0,0,0,0,0,0
5000,4,4,3,3,3,3,3,3,3,3,3,3,3,3,3,3,3,3,3,3,3
5010,32,31,31,30,30,29,29,29,28,28,27,27,27,27,27,26,26,26,26,26,25
5020,4,4,4,4,4,4,4,4,4,4,4,4,4,4,4,4,4,4,4,4,4
5030,4,15,20,22,25,28,29,32,32,31,35,27,35,34,35,37,39,40,43,42,40
5040,100,140,146,136,143,145,168,141,153,159,170,154,149,156,151,184,164,157,156,171,166
5050,0,3,4,3,4,5,6,5,6,6,7,6,6,7,7,8,8,7,8,9,8
5060,8,18,20,18,20,21,26,20,23,25,28,24,23,25,24,30,28,26,27,29,28
5070,1,3,4,5,6,6,6,7,7,7,8,6,8,8,8,8,9,9,10,9,9
5080,3,3,3,3,3,3,3,3,3,3,3,3,3,3,3,2,2,2,3,2,2
5090,0,0,0,0,0,0,0,0,0,0,0,0,0,0,0,0,0,0,0,0,0
5100,0,0,0,0,0,0,0,0,0,0,0,0,0,0,0,0,0,0,0,0,0
5110,0,1,1,2,2,3,2,3,3,3,3,3,3,4,4,4,4,4,4,4,4
5120,0,1,1,1,1,1,1,1,1,1,1,1,1,1,1,1,1,1,1,1,1
5130,0,0,0,0,0,0,0,0,0,0,0,0,0,0,0,0,0,0,0,0,0
5140,1,1,1,1,1,2,1,1,1,2,2,2,1,1,1,2,2,1,1,1,1
5150,0,0,0,0,0,0,0,0,0,0,0,0,0,0,0,0,0,0,0,0,0
5160,0,0,0,0,0,0,0,0,0,0,0,0,0,0,0,0,0,0,0,0,0
5170,0,0,0,0,0,0,0,1,1,1,1,1,1,1,1,1,1,1,1,1,1
5180,1,1,2,1,2,2,2,2,2,2,2,2,2,2,2,2,2,2,2,2,2
5190,0,0,0,0,0,0,0,0,0,0,0,0,0,0,0,0,0,0,0,0,0
5200,0,0,0,0,0,0,0,0,0,0,0,0,0,0,0,0,0,0,0,0,0
5210,0,0,0,0,1,1,1,1,1,1,1,1,1,1,1,1,1,1,1,1,1
5220,0,0,0,0,0,0,0,0,0,0,0,0,0,0,0,0,0,0,0,0,0
5230,0,0,0,0,0,1,1,1,1,1,1,1,1,1,1,1,1,1,1,1,1
5240,0,4,4,4,5,6,7,5,7,8,9,8,8,8,8,10,10,9,9,10,10
5250,0,0,0,0,0,0,0,0,0,0,0,0,0,0,0,1,1,0,0,0,1
5260,0,0,0,0,0,0,0,0,0,0,0,0,0,0,0,0,0,0,0,0,0
5270,0,1,1,1,1,1,1,1,1,1,1,1,1,1,1,1,1,1,1,1,1
5280,12,11,11,11,11,11,11,10,10,10,10,10,10,10,10,9,9,9,9,9,9
5290,17,16,16,16,15,16,15,15,15,14,14,14,14,14,14,13,13,13,14,14,13
5300,0,0,0,0,0,0,0,0,0,1,1,0,1,1,1,1,1,1,1,1,1
5310,0,0,0,0,0,0,1,0,0,0,1,0,1,1,1,1,1,1,1,1,1
5320,0,0,0,0,0,0,0,0,0,0,0,0,0,0,0,0,0,0,0,0,0
5330,0,0,0,0,0,0,0,0,0,0,0,0,0,0,0,0,0,0,1,1,1
5340,6,6,6,6,6,6,6,5,5,5,5,5,5,5,5,5,5,5,5,5,5
5350,44,47,46,44,44,44,45,41,43,43,44,43,41,40,41,45,42,40,38,40,40
5360,6,6,6,6,6,6,6,6,6,6,6,6,6,6,6,6,6,6,5,6,6
5370,4,4,4,4,4,4,4,4,4,4,4,4,3,3,3,4,4,3,3,3,3
5380,0,0,0,0,0,0,0,0,0,0,0,0,0,0,0,0,0,0,0,0,0
5390,0,0,0,0,0,0,0,0,0,0,0,0,0,0,0,0,0,0,0,0,0
5400,0,0,0,0,0,0,0,0,0,0,0,0,0,0,0,0,0,0,0,0,0
5410,2,2,2,2,2,2,2,2,2,2,2,1,1,1,1,1,1,1,1,1,1
5420,0,1,1,1,1,2,2,2,2,2,3,2,2,2,3,3,3,3,3,3,3
5430,0,0,0,0,0,0,0,0,0,0,0,0,0,0,0,0,0,0,0,0,0
5440,0,0,0,0,0,0,0,0,0,0,0,0,0,0,0,0,0,0,0,0,0
5450,0,0,0,0,0,0,0,0,0,1,0,0,1,1,1,1,1,1,1,1,1
5460,1,2,2,2,2,2,2,2,2,2,2,2,2,2,2,3,3,2,3,3,3
5470,0,0,0,0,0,0,0,0,0,0,0,0,0,0,0,0,0,0,0,0,0
5480,0,1,2,1,2,2,3,2,2,3,3,3,3,3,3,4,3,3,4,4,4
5490,0,2,3,3,3,4,4,4,4,5,5,4,5,5,5,6,6,5,6,7,7
5500,0,0,0,1,0,1,1,1,1,1,1,1,1,1,1,1,1,1,1,1,1
5510,0,0,0,0,0,0,0,0,0,0,0,0,0,0,1,1,1,1,1,1,1
5520,1,3,3,3,3,3,3,3,3,3,4,3,3,3,3,4,4,3,3,4,4
5530,0,0,0,0,0,1,1,1,1,1,1,1,1,1,1,1,1,1,1,1,1
5540,0,1,1,1,1,2,1,2,2,2,2,2,2,2,2,2,2,2,2,2,2
5550,1,1,1,1,1,1,1,1,1,1,1,1,1,1,1,1,1,1,1,1,1
5560,0,0,0,0,0,0,0,0,0,0,0,0,0,0,0,0,0,0,0,0,0
5570,0,0,0,0,0,0,0,0,0,0,0,0,0,0,0,0,0,0,0,0,0
5580,0,6,8,9,10,13,16,11,16,18,20,18,18,18,19,23,23,21,20,23,24
5590,5,4,4,4,4,4,4,4,4,4,4,4,4,4,4,4,4,4,4,4,3
5600,3,2,2,2,2,2,2,2,2,2,2,2,2,2,2,2,2,2,2,2,2
5610,0,0,0,0,0,0,0,0,0,0,0,0,0,0,0,0,0,0,0,0,0
5620,0,2,5,5,7,8,8,8,9,8,10,7,11,11,10,10,12,11,13,13,12
5630,0,0,0,0,0,0,0,0,0,0,0,0,0,0,0,0,0,0,0,0,0
5640,0,0,0,0,0,0,0,0,0,1,1,1,1,1,1,1,1,1,1,1,1
5650,3,3,3,3,3,3,3,3,3,3,3,3,3,3,3,3,3,3,3,3,3
5660,0,0,0,0,0,0,1,0,1,1,1,1,1,1,1,1,1,1,1,1,1
5670,20,19,19,18,18,18,18,17,17,17,17,16,16,16,16,16,16,15,15,15,15
5680,0,1,1,1,1,2,2,1,2,2,2,2,2,2,2,3,2,2,3,3,3
5690,0,0,0,0,0,1,1,1,1,1,1,1,1,1,1,1,1,1,1,1,1
5700,0,0,1,1,1,1,1,2,2,2,2,1,2,2,2,2,2,2,2,2,2
5710,0,0,0,0,0,0,0,0,0,0,0,0,0,0,0,0,0,0,0,0,0
5720,0,1,4,4,6,7,7,7,8,8,9,7,10,11,10,10,11,10,12,12,12
5730,9,9,9,9,8,8,8,8,8,8,8,8,8,8,7,7,7,7,7,7,7
5740,0,0,0,0,0,0,0,0,0,0,0,0,0,0,0,0,0,0,1,0,1
5750,0,0,0,0,0,0,0,0,0,0,0,0,0,0,0,0,0,0,0,0,0
5760,0,0,0,0,0,0,0,0,0,0,0,0,0,0,0,0,0,0,0,0,0
5770,0,0,0,0,0,0,0,0,0,0,0,0,0,0,0,0,0,0,0,0,0
5780,0,0,0,0,0,0,0,0,0,0,0,0,0,0,0,0,0,0,0,0,0
5790,0,0,0,0,0,0,0,0,0,0,0,0,0,0,0,0,0,0,0,0,0
5800,0,0,0,0,0,0,0,0,0,0,0,0,0,1,1,1,1,1,1,1,1
5810,0,0,0,0,0,0,0,0,0,0,0,0,0,0,1,1,1,1,1,1,1
5820,2,2,2,2,2,2,2,2,2,2,2,2,2,2,2,2,2,2,2,2,2
5830,4,4,4,4,4,4,4,4,4,4,4,4,4,4,4,4,4,4,4,4,4
5840,1,1,1,1,1,1,1,1,1,1,1,1,1,1,1,1,1,1,1,1,1
5850,0,0,0,0,0,0,0,0,0,0,0,0,0,0,0,0,0,0,0,0,0
5860,34,33,34,33,33,33,34,33,33,33,32,32,31,31,31,30,30,31,32,33,32
5870,0,0,0,0,0,0,0,0,0,0,0,0,0,0,0,0,0,0,0,0,0
5880,0,0,0,0,0,0,0,0,0,0,0,0,0,0,0,0,0,0,0,0,0
5890,1,1,1,1,1,1,1,1,1,1,1,1,1,1,1,1,1,1,1,1,1
5900,0,0,0,0,0,0,0,0,0,0,0,0,0,0,0,0,0,0,0,0,0
5910,0,0,0,0,0,0,0,0,0,0,0,0,0,0,0,0,0,0,0,0,0
5920,0,0,0,0,0,0,0,0,0,0,0,0,0,0,0,0,0,0,0,0,0
5930,0,0,0,0,0,0,0,0,0,0,0,0,0,0,0,0,0,0,0,0,0
5940,0,0,0,0,0,0,0,0,0,0,0,0,0,0,0,0,0,0,0,0,0
5950,0,0,0,0,0,0,0,0,0,0,0,0,0,0,0,0,0,0,0,0,0
5960,0,0,0,0,0,0,0,0,0,0,0,0,0,0,0,0,0,0,0,0,0
5970,0,0,2,3,4,6,7,6,8,8,9,7,10,11,10,9,11,10,13,12,12
5980,2,2,2,1,1,1,1,1,1,1,1,1,1,1,1,1,1,1,1,1,1
5990,0,0,0,0,0,0,0,0,0,0,0,0,0,0,0,0,0,0,0,0,0
6000,23,22,21,21,21,21,20,20,20,19,19,19,19,19,19,18,18,18,18,17,18
6010,0,0,0,0,0,0,0,0,0,0,1,0,0,0,1,1,1,1,1,1,1
6020,0,0,0,0,0,0,0,0,0,0,0,0,0,0,0,0,0,0,0,0,0
6030,9,10,10,9,9,10,10,9,9,9,10,9,9,9,9,10,9,9,8,9,9
6040,0,0,0,0,0,0,1,0,1,1,1,1,1,1,1,1,1,1,1,1,1
6050,0,0,0,0,0,0,0,0,0,0,0,0,0,0,0,0,0,0,0,0,0
6060,1,2,2,3,2,3,3,3,3,3,3,3,3,3,3,4,4,3,4,3,4
6070,1,2,2,3,2,3,3,3,3,3,3,3,3,3,4,4,4,4,4,4,4
6080,0,0,0,0,0,0,0,0,0,1,1,0,1,1,1,1,1,1,1,1,1
6090,0,0,0,0,0,0,0,0,0,0,0,0,0,0,1,0,1,1,1,1,1
6100,0,0,0,0,0,0,0,0,0,0,0,0,0,0,0,0,0,0,0,0,0
6110,0,0,3,5,6,10,10,10,12,12,14,10,16,17,16,15,18,16,20,20,20
6120,1,1,1,1,1,2,1,2,2,2,2,2,2,2,2,2,2,2,2,2,2
6130,1,2,2,2,2,3,3,2,3,3,3,3,3,3,3,4,4,3,3,3,3
6140,0,1,2,3,3,4,4,4,5,6,6,5,6,5,6,7,7,7,6,7,8
6150,0,0,0,0,0,0,0,0,0,0,0,0,0,0,0,0,1,0,0,0,1
6160,0,0,0,0,0,0,0,0,0,0,0,0,0,0,0,1,1,0,0,0,1
6170,0,0,0,0,0,0,0,0,0,0,0,0,0,0,0,0,0,0,0,0,0
6180,0,0,0,0,0,0,0,0,0,0,0,0,0,0,0,0,0,0,0,0,0
6190,0,0,0,0,0,0,0,0,0,0,0,0,0,0,0,0,0,0,0,0,0
6200,0,0,0,0,0,0,0,0,0,0,0,0,0,0,0,0,0,0,0,0,0
6210,0,4,7,6,8,11,14,9,14,14,17,14,15,15,17,21,19,18,18,21,22
6220,0,0,0,0,0,0,0,0,0,0,0,0,0,0,0,0,0,0,0,0,0
6230,0,1,1,1,1,2,2,1,2,2,3,2,2,2,3,3,3,3,3,3,3
6240,0,0,0,0,0,0,0,0,0,1,1,1,1,1,1,1,1,1,1,1,1
6250,0,0,0,0,0,0,0,0,0,0,0,0,0,0,0,0,0,0,0,0,0
6260,0,0,0,0,0,0,0,0,0,0,0,0,0,0,0,0,0,0,1,1,1
6270,0,0,0,0,0,0,0,0,0,0,0,0,0,0,0,0,0,0,0,0,0
6280,0,1,1,1,1,1,1,1,1,1,1,1,1,1,1,2,2,2,2,2,2
6290,0,0,0,0,0,0,0,0,0,0,1,0,0,1,1,1,1,1,1,1,1
6300,4,4,4,4,4,4,4,3,4,4,4,3,3,3,3,3,3,3,3,3,3
6310,4,4,4,4,4,4,5,4,4,4,4,4,4,4,4,5,4,4,4,5,4
6320,0,0,0,0,0,0,0,0,0,0,0,0,0,0,0,0,0,0,0,0,0
6330,0,0,0,0,0,0,0,0,0,0,0,0,0,0,0,0,0,0,0,0,0
6340,9,9,9,8,8,8,8,8,8,8,8,8,7,8,7,7,7,7,7,7,7
6350,0,0,0,0,0,1,1,1,1,1,1,1,1,1,1,1,1,1,1,1,1
6360,0,0,0,0,0,1,0,1,0,1,1,1,1,1,1,1,1,1,1,1,1
6370,0,0,0,0,0,0,0,0,0,0,0,0,0,0,0,0,0,0,0,0,0
6380,3,5,6,5,5,6,7,5,6,6,7,6,6,6,6,8,7,7,6,7,7
6390,0,0,0,0,0,0,0,0,0,0,0,0,0,0,0,0,0,0,0,0,0
6400,0,0,0,0,0,0,0,0,0,0,0,0,0,0,0,1,1,0,1,1,1
6410,0,0,0,0,0,0,0,0,0,0,0,0,0,0,0,0,0,0,0,0,0
6420,0,0,0,0,0,0,0,0,0,0,0,0,0,0,0,0,0,0,0,0,0
6430,2,3,4,3,4,4,5,4,4,4,5,4,4,5,4,5,5,5,5,6,5
6440,0,0,0,1,1,2,2,2,2,3,3,2,3,4,3,3,4,3,4,4,4
6450,0,4,6,10,8,15,11,16,15,17,17,15,18,18,21,20,21,21,23,20,23
6460,11,12,12,12,11,12,12,12,12,12,12,12,12,12,12,12,12,12,12,11,12
6470,0,0,0,0,0,1,0,1,1,1,1,1,1,1,1,1,1,1,1,1,1
6480,0,0,0,0,0,0,0,0,0,0,0,0,0,0,0,0,0,0,0,0,0
6490,0,0,0,0,0,0,0,0,0,0,0,0,0,0,0,0,0,0,0,0,0
6500,0,0,0,0,0,0,0,0,0,0,0,0,0,0,0,0,0,0,0,0,0
6510,0,0,0,0,0,0,0,0,0,0,0,0,0,0,0,0,0,0,0,0,0
6520,0,0,0,0,0,0,0,0,0,0,0,0,0,0,0,0,0,0,0,0,0
6530,1,1,1,1,1,1,1,1,1,2,1,1,1,2,2,2,2,2,2,2,2
6540,0,0,1,1,1,2,1,2,2,2,2,2,2,2,3,3,3,3,3,3,3
6550,0,0,0,1,0,1,1,1,1,1,1,1,1,1,1,1,1,1,1,1,2
6560,0,0,0,0,0,0,0,0,0,0,0,0,0,0,0,0,0,0,0,0,0
6570,0,1,1,1,2,2,3,2,2,3,3,3,3,3,3,4,3,3,3,4,4
6580,0,0,0,0,0,0,0,0,0,0,0,0,0,0,0,0,0,0,0,0,0
6590,0,0,0,0,0,0,0,0,0,0,0,0,0,0,0,0,0,0,0,0,0
6600,0,0,0,0,0,0,0,0,0,0,0,0,0,0,0,0,0,0,0,0,0
6610,0,0,0,0,0,0,0,0,0,0,0,0,0,0,0,0,0,0,0,0,0
6620,0,0,0,0,0,0,0,0,0,0,0,0,0,0,0,0,0,0,0,0,0
6630,0,0,1,1,1,1,1,1,1,1,1,1,1,1,1,1,1,1,1,1,1
6640,1,2,2,2,2,2,2,2,2,2,2,2,2,2,2,2,2,2,2,2,2
6650,0,0,0,0,0,0,0,0,0,0,0,0,0,0,0,0,0,0,0,0,0
6660,0,0,0,0,0,0,0,0,0,0,0,0,0,0,0,0,0,0,0,0,0
6670,0,1,1,2,2,4,3,4,4,4,4,4,4,4,5,5,5,5,6,5,6
6680,0,0,0,0,0,1,1,1,1,1,1,1,1,1,1,1,1,1,1,1,1
6690,0,0,0,0,0,0,0,0,0,0,0,0,0,0,0,0,0,0,0,1,1
6700,0,0,0,0,0,0,0,0,0,0,0,0,0,0,0,0,0,0,0,1,1
6710,0,0,0,0,0,0,0,0,0,0,0,0,0,0,0,0,0,0,0,0,0
6720,0,0,0,0,0,1,1,1,1,1,1,1,1,1,1,1,1,1,2,2,2
6730,0,0,0,0,0,0,0,0,0,0,0,0,0,0,0,0,0,0,0,0,0
6740,1,1,1,1,1,1,2,2,2,2,2,1,1,2,2,2,2,2,2,2,2
6750,0,0,0,0,0,0,0,0,0,0,0,0,0,0,0,0,0,0,0,0,0
6760,0,0,0,0,0,0,0,0,0,0,0,0,0,0,0,0,0,0,0,0,0
6770,0,0,1,1,1,1,2,1,2,2,2,2,2,2,2,3,3,2,2,3,3
6780,0,0,0,0,0,0,1,0,1,1,1,1,1,1,1,1,1,1,1,1,1
6790,3,3,3,3,3,3,3,3,3,3,3,3,2,3,2,3,2,2,2,3,3
6800,0,0,0,0,0,0,0,0,0,1,1,1,1,1,1,1,1,1,1,1,1
6810,0,0,0,0,0,0,0,0,0,0,0,0,0,0,0,0,0,0,0,0,0
6820,0,0,0,0,0,0,0,0,0,0,0,0,0,0,0,0,0,0,0,0,0
6830,0,0,0,0,0,1,1,1,1,1,1,1,1,1,1,1,1,1,1,1,1
6840,0,0,0,0,0,0,0,0,0,0,0,0,0,0,0,0,0,0,0,0,0
6850,0,0,0,0,0,0,0,0,0,0,0,0,1,1,1,1,1,1,1,1,1
6860,0,0,0,0,0,0,0,0,0,0,0,0,0,0,1,0,1,1,1,1,1
6870,0,0,0,0,0,0,0,0,0,0,0,0,0,0,0,0,0,0,0,0,0
6880,0,1,1,2,2,3,2,3,3,3,4,3,4,4,4,4,4,4,5,5,5
6890,6,6,6,6,6,6,7,6,6,6,6,6,6,6,6,6,6,6,6,6,6
6900,0,0,0,0,0,0,0,0,0,0,0,0,0,0,0,0,0,0,0,0,0
6910,4,4,4,4,4,4,4,4,4,4,4,4,4,4,4,4,4,4,4,4,4
6920,0,0,0,0,0,0,0,0,0,0,0,0,0,0,0,0,0,0,0,0,1
6930,5,5,5,5,5,5,5,4,5,5,5,5,4,4,4,5,4,4,4,5,4
6940,0,0,0,0,0,0,0,0,0,0,0,0,0,0,0,0,0,0,0,0,0
6950,0,0,0,0,0,0,0,0,0,0,1,0,1,1,1,1,1,1,1,1,1
6960,0,0,0,0,0,0,0,0,0,0,0,0,0,0,0,0,0,0,0,0,0
6970,0,1,1,1,1,2,2,2,2,2,2,2,2,3,2,2,3,2,3,3,3
6980,0,0,0,0,0,0,0,0,0,0,0,0,0,0,0,0,0,0,0,0,0
6990,0,0,0,0,0,0,0,0,0,0,0,0,0,0,0,0,0,0,0,0,0
7000,0,0,0,0,0,0,0,0,0,0,0,0,0,0,0,0,0,0,0,0,0
7010,0,0,0,0,0,0,0,0,0,0,0,0,0,0,0,0,0,0,1,0,1
7020,0,0,0,0,0,0,0,0,1,1,1,1,1,1,1,1,1,1,1,1,1
7030,0,0,0,0,0,0,0,0,0,0,0,0,0,0,0,0,0,0,0,0,0
7040,7,7,7,6,6,6,6,6,6,6,6,6,6,6,6,6,6,6,6,6,6
7050,0,0,0,0,1,1,1,1,1,1,1,1,1,1,1,1,1,1,1,1,1
7060,0,0,0,0,0,0,0,0,0,0,0,0,0,0,0,0,0,0,0,0,0
7070,0,0,0,0,0,0,0,0,0,0,0,0,0,0,0,0,0,0,0,0,0
7080,0,0,0,0,0,0,0,0,0,0,0,0,0,0,0,0,1,0,0,0,1
7090,0,0,0,0,0,0,0,1,0,1,1,0,1,1,1,1,1,1,1,1,1
7100,0,0,0,0,0,0,0,0,0,0,0,0,0,0,0,0,0,0,0,0,0
7110,0,0,0,0,0,0,0,0,0,0,0,0,0,0,0,0,0,0,0,0,0
7120,0,0,0,0,0,0,0,0,0,0,0,0,0,0,0,0,0,0,0,1,1
7130,0,0,0,0,0,0,0,0,0,0,0,0,0,0,0,0,0,0,0,0,0
7140,0,0,0,0,0,0,0,0,0,0,0,0,0,0,0,0,0,0,0,0,0
7150,1,1,1,1,1,1,1,1,1,1,1,1,1,1,1,1,1,1,1,1,1
7160,0,0,0,0,0,0,0,0,0,0,0,0,0,0,0,0,0,0,0,0,0
7170,0,0,0,0,0,0,0,0,0,0,0,0,0,0,0,0,0,0,0,0,0
7180,0,0,0,0,0,0,0,0,0,0,0,0,0,0,0,0,0,0,0,0,0
7190,0,0,0,0,0,0,0,0,0,0,0,0,0,0,0,0,0,0,0,1,1
7200,0,0,0,0,0,0,0,0,0,0,0,0,0,0,0,0,0,0,0,0,0
7210,1,1,1,1,1,1,1,1,1,1,1,1,1,1,1,1,1,1,1,1,1
7220,0,0,1,1,1,1,1,1,1,1,1,1,1,1,2,2,2,2,2,2,2
7230,0,1,1,1,1,1,1,1,1,1,1,1,1,1,1,1,1,1,1,1,1
7240,0,0,0,0,0,0,0,0,0,0,0,0,0,0,0,0,0,0,0,0,0
7250,0,0,0,0,0,0,0,0,0,0,0,0,0,0,0,0,0,0,0,0,0
7260,0,0,0,0,0,0,0,0,0,0,0,0,0,0,0,0,0,0,0,0,0
7270,0,0,0,0,0,0,0,0,0,0,0,0,0,0,0,0,0,0,0,0,0
7280,66,65,67,67,65,66,66,66,66,67,64,65,63,65,65,62,64,65,66,67,66
7290,0,0,0,0,0,0,0,0,0,0,0,0,0,0,0,0,0,0,0,0,0
7300,0,0,0,0,0,1,1,1,1,1,1,1,1,1,1,1,1,1,1,1,1
7310,0,0,0,0,0,0,0,0,0,0,0,0,0,0,0,1,0,1,0,1,1
7320,18,17,17,16,16,16,16,15,15,15,15,15,15,15,14,14,14,14,14,14,14
7330,1,1,1,1,1,1,1,1,1,1,1,1,1,1,1,1,1,1,1,1,1
7340,0,0,0,0,0,1,1,1,1,1,1,1,1,1,1,1,1,1,1,1,1
7350,0,0,1,1,1,1,1,2,1,2,2,1,2,2,2,2,2,2,2,2,2
7360,0,0,0,0,0,0,0,0,1,1,1,1,1,1,1,1,1,1,1,1,1
7370,0,0,0,0,0,0,0,0,0,0,0,0,0,0,0,0,0,0,0,0,0
7380,0,0,0,0,0,0,0,0,0,0,0,0,0,0,0,0,0,0,0,0,0
7390,0,0,1,0,1,1,2,2,2,2,3,2,3,2,3,3,3,3,3,4,4
7400,0,0,0,0,0,0,0,0,0,0,0,0,0,0,0,0,0,0,0,0,0
7410,0,0,0,0,0,0,0,0,0,0,0,0,0,0,0,0,0,0,0,0,0
7420,0,0,1,1,1,1,1,1,2,2,1,1,1,2,2,2,2,2,2,2,3
7430,0,0,0,0,0,0,0,0,0,0,0,0,0,0,0,0,0,0,0,0,0
7440,0,0,0,0,0,0,0,0,0,0,0,0,0,0,0,0,0,0,0,0,0
7450,0,0,0,0,0,0,0,0,0,0,0,0,0,0,0,0,0,0,0,0,0
7460,0,3,4,3,5,6,7,6,7,8,9,8,8,7,9,10,10,10,9,10,11
7470,6,6,6,6,6,6,6,6,6,6,6,6,5,5,5,5,5,5,5,5,5
7480,0,0,1,1,2,2,3,2,3,3,4,3,3,3,4,4,4,4,4,4,5
7490,0,0,0,0,0,0,0,0,0,0,0,0,0,0,0,0,0,0,0,0,0
7500,0,0,1,1,1,1,1,1,2,2,2,2,2,2,2,3,2,3,3,3,3
7510,0,0,0,0,0,0,0,0,0,0,0,0,0,0,0,0,0,0,0,0,0
7520,0,0,0,0,0,0,0,0,0,1,1,0,1,1,1,1,1,1,1,1,1
7530,0,0,0,0,0,0,0,0,0,0,0,0,0,0,0,0,0,0,0,0,0
7540,0,0,0,0,0,0,0,0,0,0,0,0,0,0,1,1,1,1,1,1,1
7550,0,0,0,0,0,0,0,0,0,0,0,0,0,0,0,0,0,0,0,0,0
7560,0,1,4,3,4,7,8,8,10,11,11,10,11,12,13,15,14,15,15,17,19
7570,0,0,0,0,0,0,0,0,0,0,0,0,0,0,0,0,0,0,0,0,0
7580,0,0,0,0,1,1,1,1,1,1,1,1,1,1,1,1,1,1,1,1,1
7590,10,11,12,11,12,12,13,12,13,13,13,13,12,13,13,14,14,13,13,14,14
7600,0,0,0,0,0,0,0,0,0,0,0,0,0,0,0,0,0,0,0,0,0
7610,0,0,0,0,0,0,0,0,0,0,0,0,0,0,0,0,0,0,0,0,0
7620,1,1,1,1,1,1,1,1,1,1,1,1,1,1,1,1,1,1,1,1,1
7630,9,8,8,8,8,8,8,8,8,8,8,8,7,8,7,8,8,8,7,8,7
7640,0,0,0,0,0,0,0,0,0,0,0,0,0,0,0,0,0,0,0,0,0
7650,1,2,2,1,2,2,2,2,2,2,2,2,2,2,2,2,2,2,2,2,2
7660,0,0,0,0,0,1,1,1,1,1,1,1,1,1,1,1,1,1,1,1,1
7670,0,0,0,0,0,0,1,1,1,1,1,1,1,1,1,1,1,1,1,1,1
7680,1,1,1,1,1,2,2,2,2,2,2,2,2,2,2,2,2,2,2,2,2
7690,0,0,0,0,0,0,0,0,0,0,0,0,0,0,0,0,0,0,1,0,1
7700,0,0,0,0,0,1,1,1,1,1,1,1,1,1,1,1,1,1,1,1,1
7710,0,0,1,1,1,1,1,2,1,1,2,1,2,2,2,2,2,2,2,2,2
7720,0,0,1,1,1,2,1,2,2,2,2,2,2,2,3,2,3,3,3,3,3
7730,3,3,3,3,3,3,3,3,3,3,3,3,3,3,3,3,3,3,3,3,3
7740,0,1,1,1,1,2,2,2,2,2,2,2,2,2,2,3,3,3,2,3,3
7750,0,0,0,0,0,0,0,0,0,0,0,0,0,0,0,0,0,0,0,0,0
7760,0,0,0,0,0,0,1,0,1,1,1,1,1,1,1,1,1,1,1,1,1
7770,0,0,0,0,0,0,0,0,0,0,0,0,0,0,0,0,0,0,0,0,0
7780,0,0,0,0,0,1,1,1,1,1,1,1,1,1,1,1,1,1,1,1,1
7790,1,1,1,1,1,1,1,1,1,1,1,1,1,1,1,1,1,1,1,1,1
7800,4,4,4,4,4,4,4,4,4,4,4,4,3,3,3,3,3,3,3,3,3
7810,0,0,0,0,0,0,0,0,0,0,0,0,0,0,0,0,0,0,0,0,0
7820,0,1,2,2,4,5,7,6,7,8,10,7,9,8,10,11,11,11,11,12,13
7830,3,4,4,3,4,4,4,4,4,4,4,4,4,4,4,4,4,4,4,4,4
7840,0,1,2,1,2,2,2,2,2,2,3,2,3,2,3,3,3,3,3,3,4
7850,0,0,0,0,0,0,0,0,0,0,0,0,0,0,0,0,0,0,0,0,0
7860,0,0,0,0,0,0,0,0,0,0,0,0,0,0,0,0,0,0,0,0,0
7870,1,1,1,1,1,1,1,1,1,1,1,1,1,1,1,1,1,1,1,1,1
7880,0,0,0,0,0,0,1,1,1,1,1,1,1,1,1,1,1,1,1,1,1
7890,0,0,0,0,0,0,0,0,1,1,1,1,1,1,1,1,1,1,1,1,1
7900,0,0,0,0,0,0,0,0,0,0,0,0,0,0,0,0,0,0,0,0,0
7910,0,0,0,0,0,0,0,0,0,0,0,0,0,0,0,0,0,0,0,0,0
7920,0,0,0,0,0,0,0,0,0,0,0,0,0,0,0,1,1,1,1,1,1
7930,1,1,1,1,1,1,1,1,1,1,1,1,1,1,1,1,1,1,1,1,1
7940,5,4,4,4,4,4,4,4,4,4,4,4,4,4,4,4,4,4,4,4,4
7950,3,3,4,3,3,4,4,4,4,4,4,4,4,4,4,4,4,4,5,4,4
7960,0,1,2,3,2,4,4,5,5,5,5,5,6,6,6,6,6,7,7,7,7
7970,0,0,0,0,0,0,0,0,0,0,0,0,0,0,0,0,0,0,0,0,0
7980,4,4,5,4,4,5,5,5,5,5,5,5,5,5,5,5,5,5,6,5,5
7990,0,0,0,0,0,0,0,0,0,0,0,0,0,0,0,0,0,0,0,0,0
8000,0,0,0,0,0,0,0,0,0,0,0,0,0,0,0,0,0,0,0,0,0
8010,0,0,0,0,1,1,1,1,1,1,2,1,2,1,2,2,2,2,2,2,2
8020,0,0,0,0,0,0,0,0,0,0,0,0,0,0,0,0,0,0,0,0,0
8030,0,0,0,0,0,0,0,0,0,0,0,0,0,0,0,0,0,0,0,0,0
8040,0,0,0,0,0,0,0,0,0,0,0,0,0,0,0,0,0,0,0,0,0
8050,0,0,0,0,0,0,0,0,0,0,0,0,0,0,0,0,0,0,0,0,0
8060,0,0,0,0,0,0,0,0,0,0,0,0,0,0,0,0,0,0,0,0,0
8070,0,0,0,0,0,0,0,0,0,0,0,0,0,0,0,0,0,0,0,0,0
8080,0,0,0,0,0,0,1,0,1,1,1,1,1,1,1,1,1,1,1,1,1
8090,11,11,11,10,11,10,11,10,10,10,10,10,10,9,10,10,10,10,9,10,9
8100,0,0,0,0,0,0,0,0,0,0,0,0,0,0,0,0,0,0,0,0,0
8110,0,0,0,0,0,0,0,0,0,0,0,0,0,0,0,0,0,0,0,0,0
8120,0,0,1,0,0,1,1,1,1,1,1,1,1,1,1,1,1,1,1,1,1
8130,0,0,0,0,0,0,0,0,0,0,0,0,0,0,0,0,0,0,0,0,0
8140,0,0,0,0,0,0,0,0,0,0,0,0,0,0,0,0,0,0,0,0,0
8150,1,1,1,1,1,1,1,1,1,1,1,1,1,1,1,1,1,1,1,1,1
8160,0,0,0,0,0,0,0,0,0,0,0,0,0,0,0,0,0,0,0,0,0
8170,0,8,11,8,13,14,17,15,17,17,21,18,20,18,21,24,23,23,23,24,25
8180,0,0,0,0,0,0,0,0,0,0,0,0,0,0,0,0,0,0,0,0,0
8190,0,0,0,0,0,0,0,0,0,0,0,0,0,0,0,0,0,0,0,0,0
8200,0,0,0,0,0,0,0,0,0,0,0,0,0,0,0,0,0,0,0,0,0
8210,0,0,0,1,1,1,1,1,1,1,1,1,1,1,1,1,1,1,2,1,2
8220,19,18,18,17,18,18,18,17,17,17,17,17,16,16,16,16,16,16,16,16,15
8230,0,0,0,0,0,0,0,1,1,1,1,1,1,1,1,1,1,1,1,1,1
8240,0,0,0,0,0,0,0,0,0,0,0,0,0,0,0,0,0,0,0,0,0
8250,0,0,0,0,0,0,0,0,0,0,0,0,0,0,0,0,0,0,0,0,0
8260,3,3,3,3,3,3,3,3,3,3,3,3,3,3,3,3,3,3,3,3,3
8270,0,0,1,0,1,2,2,2,2,2,3,2,3,3,3,4,4,4,4,4,5
8280,0,0,1,0,1,2,2,2,2,2,3,2,3,3,3,4,4,4,4,4,5
8290,0,5,8,6,10,13,13,15,17,17,19,16,19,18,20,24,23,25,24,26,30
8300,0,0,0,0,0,0,0,0,0,0,0,0,0,0,0,0,0,0,0,1,1
8310,0,0,0,0,0,0,0,0,0,0,0,0,0,0,0,0,0,0,0,0,0
8320,8,7,7,7,7,7,7,7,7,7,7,7,6,6,6,6,6,6,6,6,6
8330,0,1,2,1,2,2,2,2,2,2,3,3,3,2,3,3,3,3,3,3,3
8340,2,3,3,2,3,3,3,3,3,3,3,3,3,3,3,3,3,3,3,3,3
8350,0,0,0,0,0,0,0,0,0,0,0,0,0,0,0,0,0,0,0,0,1
8360,0,0,0,0,0,0,0,0,0,0,0,0,0,0,0,0,0,0,0,0,0
8370,0,0,0,0,0,0,0,0,0,0,0,0,1,1,1,0,0,1,1,1,1
8380,0,0,1,0,1,1,1,1,1,1,1,1,2,2,2,2,2,2,2,2,2
8390,6,6,6,6,6,5,6,5,5,5,5,5,5,5,5,5,5,5,5,5,5
8400,0,0,0,0,0,1,1,1,1,1,1,1,1,1,1,1,1,2,1,2,2
8410,0,0,0,0,1,1,1,1,1,1,1,1,1,1,1,2,2,2,2,2,2
8420,4,4,4,3,4,4,4,3,4,4,4,4,3,3,3,4,3,3,3,3,4
8430,1,1,1,1,1,1,1,1,1,1,1,1,1,1,1,1,1,1,1,1,1
8440,0,0,0,0,0,0,0,0,0,0,0,0,0,0,0,0,0,0,0,0,0
8450,0,0,0,0,0,1,0,1,1,1,1,1,1,1,1,1,1,1,1,1,1
8460,5,5,5,5,5,5,5,5,5,5,5,5,5,5,5,5,5,5,5,5,5
8470,2,2,2,2,2,2,2,2,2,2,2,2,2,2,2,2,2,2,2,2,2
8480,0,0,0,0,0,0,0,0,0,0,0,0,0,0,0,0,0,0,0,0,0
8490,0,0,0,0,0,0,0,0,0,0,0,0,0,0,0,0,0,0,0,0,0
8500,0,0,0,0,0,0,0,0,0,0,0,0,0,0,0,0,0,0,0,0,0
8510,1,1,1,1,1,1,1,1,1,1,1,1,1,1,1,1,1,1,1,1,1
8520,0,0,0,0,0,0,0,0,0,0,0,0,0,0,0,1,0,1,0,1,1
8530,220,221,214,191,212,206,214,193,204,199,209,206,201,183,190,203,198,199,187,194,192
8540,21,21,21,18,20,20,20,18,19,19,20,20,19,17,18,19,19,19,18,18,18
8550,1,4,5,3,6,6,7,6,7,7,9,8,8,7,8,10,9,10,9,10,10
8560,0,0,0,0,0,0,0,0,0,0,0,0,0,0,0,0,0,0,0,0,0
8570,0,0,0,1,0,1,1,1,1,1,1,1,1,1,1,1,1,2,2,2,2
8580,0,0,0,0,1,1,1,1,1,1,2,1,2,1,2,2,2,2,2,2,2
8590,0,0,0,0,0,0,0,0,0,0,0,0,0,0,0,0,0,0,0,0,0
8600,52,50,48,45,47,46,47,44,44,44,45,44,43,41,41,42,42,42,40,40,40
8610,0,0,0,0,0,1,1,1,1,1,1,1,1,1,1,1,1,1,1,1,2
8620,0,0,0,0,0,0,0,0,0,0,1,0,1,0,1,1,1,1,1,1,1
8630,0,0,0,0,0,0,0,0,0,0,0,0,0,0,0,0,0,0,0,0,0
8640,0,0,0,0,0,0,0,0,0,0,0,0,0,0,0,0,0,0,0,0,0
8650,0,1,2,2,2,3,3,4,4,4,4,3,4,4,5,5,5,5,5,5,5
8660,0,0,0,0,0,1,1,1,1,1,1,1,1,1,1,1,1,1,1,1,1
8670,0,0,0,0,0,0,0,0,0,0,0,0,0,0,0,0,0,0,0,0,0
8680,0,0,0,0,0,0,1,1,1,1,1,1,1,1,1,1,1,1,1,1,1
8690,11,12,12,10,12,12,13,11,12,12,13,13,13,11,12,13,13,13,12,13,13
8700,235,226,223,208,216,212,214,206,204,200,204,201,194,191,189,193,190,192,188,186,181
8710,0,1,2,2,2,4,4,5,5,5,6,5,6,6,7,7,7,8,8,8,8
8720,0,1,1,1,1,1,1,1,1,1,1,1,1,1,1,1,1,1,1,1,1
8730,62,60,60,56,57,56,57,55,55,54,54,54,52,51,51,52,50,51,50,50,49
8740,0,0,0,0,0,0,0,0,0,0,0,0,0,0,0,0,0,0,0,0,0
8750,0,0,0,0,0,0,0,0,0,0,0,0,0,0,0,0,0,0,0,0,0
8760,0,0,0,0,0,0,0,0,0,0,0,0,0,0,0,0,0,0,0,0,0
8770,0,0,0,0,0,0,0,0,0,0,0,0,0,0,0,0,0,0,0,0,0
8780,0,0,0,0,0,0,0,0,0,0,0,0,0,0,0,1,1,1,1,1,1
8790,0,0,0,0,0,0,0,0,0,0,0,0,0,0,0,0,0,0,0,0,0
8800,0,0,0,0,0,0,0,0,0,0,0,0,0,0,0,0,0,0,0,0,0
8810,3,3,3,3,3,3,3,3,3,3,3,3,3,3,3,3,3,3,3,3,3
8820,0,0,0,0,0,0,0,0,0,0,0,0,0,0,0,0,0,0,0,0,0
8830,0,0,0,0,0,0,0,0,0,0,0,0,0,0,0,0,0,0,0,0,0
8840,0,0,0,0,0,0,0,0,0,0,0,0,0,0,0,0,0,0,0,0,0
8850,0,0,0,0,0,0,0,0,0,0,0,0,0,0,0,0,0,0,0,0,0
8860,48,50,49,42,49,48,51,46,49,48,51,50,49,45,46,50,49,49,47,49,49
8870,0,0,0,0,0,0,0,0,0,0,0,0,0,0,0,0,0,0,0,0,0
8880,0,0,0,0,0,0,0,0,0,0,0,0,0,0,0,0,0,0,0,0,0
8890,0,4,10,8,9,16,16,17,20,21,20,20,23,28,25,23,27,27,30,27,30
8900,2,4,6,6,6,8,7,9,8,8,9,8,9,9,10,10,10,10,11,10,10
8910,0,0,0,0,0,0,0,0,0,0,1,0,1,0,1,1,1,1,1,1,1
8920,0,0,0,0,0,1,1,1,1,1,1,1,1,1,1,1,1,1,1,1,1
8930,0,0,0,0,0,0,0,0,0,0,0,0,0,0,0,0,0,0,0,0,0
8940,15,18,18,14,18,18,20,17,19,18,20,20,20,17,19,21,20,20,19,20,21
8950,0,0,0,0,1,1,1,1,1,1,1,1,1,1,1,1,1,2,1,2,2
8960,0,0,1,0,3,4,4,4,6,5,7,5,7,6,7,8,8,8,8,9,10
8970,0,0,0,0,0,1,0,1,1,1,1,1,1,1,1,1,1,1,2,1,2
8980,0,0,0,0,1,1,1,1,2,2,2,2,2,2,2,3,3,3,3,3,3
8990,0,0,0,0,0,0,0,0,0,0,0,0,0,0,0,0,0,1,0,1,1
9000,0,0,0,0,0,0,0,0,0,0,0,0,0,0,0,0,0,0,0,0,0
9010,0,0,0,0,0,0,0,0,0,0,0,0,0,0,0,0,0,0,0,0,1
9020,0,0,0,0,0,1,1,1,1,1,1,1,1,1,1,1,1,1,1,2,2
9030,0,0,0,0,0,0,0,0,0,0,0,0,1,1,1,1,1,1,1,1,1
9040,0,0,0,0,0,0,0,0,0,0,0,0,0,0,0,0,0,0,0,0,0
9050,0,0,0,0,0,0,0,0,0,0,0,0,0,0,0,0,0,0,0,0,0
9060,5,5,6,5,5,6,6,6,6,6,6,6,6,6,6,6,6,6,6,6,6
9070,0,0,0,0,0,0,0,0,0,0,0,0,0,0,0,0,0,0,0,0,0
9080,0,0,0,0,0,0,0,0,0,0,0,0,0,0,0,0,0,0,0,0,0
9090,0,1,2,3,3,5,4,5,6,5,6,5,6,6,7,7,7,7,8,8,8
9100,0,0,0,0,1,1,2,1,2,2,2,2,2,2,2,3,3,3,3,3,3
9110,1,1,1,1,1,1,1,1,1,1,1,1,1,1,1,1,1,1,1,1,1
9120,0,0,0,0,0,0,0,0,0,0,0,0,0,0,0,0,0,0,0,0,0
9130,0,1,3,2,5,6,7,6,8,8,10,8,10,9,10,12,12,12,13,13,13
9140,0,0,0,0,0,0,0,0,0,0,0,0,0,0,0,0,0,0,0,0,0
9150,0,0,0,0,0,0,0,0,0,0,1,0,1,0,1,1,1,1,1,1,1
9160,0,0,0,0,0,0,0,0,0,0,0,0,0,0,0,0,0,0,0,0,0
9170,0,0,1,2,1,2,2,3,3,3,3,3,3,3,4,4,4,4,4,4,4
9180,0,1,1,0,1,1,1,1,1,1,1,1,1,1,1,1,1,1,1,2,2
9190,0,0,0,0,0,0,0,0,0,0,0,0,0,0,0,0,0,0,0,0,0
9200,0,0,0,0,0,0,0,0,0,0,0,0,0,0,0,0,0,0,0,0,0
9210,0,0,0,0,0,0,0,0,0,0,0,0,0,0,0,0,0,0,0,0,0
9220,5,5,5,5,5,5,5,5,5,4,5,4,4,4,4,4,4,4,4,4,4
9230,0,0,0,0,0,0,0,0,0,0,0,0,0,0,0,0,0,0,0,0,0
9240,4,4,4,4,4,4,4,4,4,4,4,4,4,4,4,4,4,4,4,4,4
9250,0,0,0,0,0,0,0,0,0,0,0,0,0,0,0,0,0,0,0,0,0
9260,2,1,2,1,1,2,1,2,2,2,1,2,1,2,1,1,1,2,2,2,2
9270,0,0,0,0,0,0,1,1,1,1,1,1,1,1,1,1,1,1,1,1,1
9280,0,0,0,0,0,0,0,0,1,0,1,0,1,0,1,1,1,1,1,1,1
9290,0,0,0,0,0,0,0,0,0,0,0,0,0,0,0,0,0,0,0,0,0
9300,0,0,0,0,0,0,0,0,0,0,0,0,0,0,0,0,0,0,0,0,0
9310,0,0,0,0,0,0,0,0,0,0,0,0,0,0,0,0,0,0,0,0,0
9320,1,1,1,1,1,1,1,1,1,1,1,1,1,1,1,1,1,1,1,1,1
9330,0,0,0,0,0,0,0,0,0,0,0,0,0,0,0,0,0,0,0,0,0
9340,0,0,0,0,0,0,0,0,0,0,0,0,0,0,0,0,0,0,0,0,1
9350,0,0,0,0,0,0,0,0,0,0,0,0,0,0,0,0,0,0,0,0,0
9360,1,1,1,1,1,1,1,1,1,1,1,1,1,1,1,1,1,1,1,1,1
9370,0,0,0,0,0,0,0,0,0,0,0,0,0,0,0,0,0,0,0,0,0
9380,0,0,0,0,0,0,0,0,0,0,0,0,0,0,0,0,0,0,0,0,0
9390,0,0,0,0,0,0,0,0,0,0,0,0,0,0,0,0,0,0,0,0,0
9400,0,0,0,0,0,1,1,1,1,1,1,1,1,1,1,1,1,1,1,2,2
9410,0,0,0,0,0,0,0,0,0,0,0,0,0,0,0,0,0,0,0,0,0
9420,14,13,12,12,12,12,12,11,11,11,11,11,11,11,11,11,11,11,10,10,10
9430,0,0,0,0,0,0,0,0,0,0,0,0,0,0,0,0,0,0,0,0,0
9440,0,0,0,0,0,0,0,0,0,0,0,0,0,0,0,0,0,0,0,0,0
9450,0,0,0,0,0,0,0,0,0,0,0,0,0,0,0,0,0,0,0,0,0
9460,0,0,0,0,0,0,0,0,0,0,0,0,0,0,0,0,0,0,0,0,0
9470,0,0,0,0,0,0,0,0,0,0,0,0,0,0,0,1,1,1,1,1,1
9480,0,0,1,0,3,3,4,4,6,5,7,5,7,6,7,8,8,9,9,9,11
9490,0,0,0,0,0,0,0,0,1,0,1,1,1,1,1,1,1,1,1,1,1
9500,0,0,0,0,0,0,1,1,1,1,1,1,1,1,1,1,1,1,1,1,1
9510,0,0,0,2,1,4,2,6,5,5,5,4,6,7,7,7,7,8,9,8,10
9520,0,0,0,0,0,0,0,0,0,0,0,0,0,0,0,0,0,0,0,0,0
9530,0,0,0,0,0,1,1,1,1,1,1,1,1,1,1,1,1,1,1,1,1
9540,0,1,1,0,1,1,1,1,1,1,1,1,1,0,1,1,0,1,1,1,0
9550,0,0,0,0,0,0,0,0,0,0,0,0,0,0,0,0,0,0,0,0,0
9560,0,0,0,0,0,0,0,0,0,0,0,0,0,0,1,1,1,1,1,1,1
9570,0,0,0,0,0,0,0,0,0,0,0,0,0,0,0,0,0,0,0,0,0
9580,0,0,0,0,0,0,0,0,0,0,0,0,0,0,0,0,0,0,0,0,1
9590,0,0,0,0,0,0,0,0,0,0,0,0,0,0,0,0,0,0,0,0,0
9600,0,0,0,0,0,0,0,0,0,0,0,0,0,0,0,0,0,0,0,0,0
9610,0,0,0,0,0,0,0,0,0,0,0,0,0,0,0,0,0,0,0,0,0
9620,15,14,15,14,14,15,15,15,16,16,15,15,15,15,14,14,15,15,16,15,15
9630,0,0,0,0,0,0,0,0,0,0,0,0,0,0,0,0,0,0,0,0,0
9640,0,0,0,0,0,0,0,1,1,1,0,0,1,1,1,1,1,1,1,1,1
9650,2,2,2,2,2,2,2,2,2,2,2,2,2,2,2,2,2,2,2,2,2
9660,1,1,1,1,1,1,1,1,1,1,1,1,1,1,1,1,1,1,1,1,1
9670,0,0,0,0,0,0,0,0,0,0,0,0,0,0,0,0,0,0,0,0,0
9680,0,0,0,0,0,0,0,0,0,0,0,0,0,0,0,0,0,0,0,0,0
9690,0,3,15,6,24,28,34,33,45,40,54,42,54,45,51,59,59,63,64,66,75
9700,0,0,0,0,0,0,0,0,0,0,0,0,0,0,0,0,0,0,0,0,0
9710,10,10,10,9,9,9,9,9,9,9,9,9,9,9,9,9,9,9,9,9,9
9720,0,0,0,0,0,0,0,0,0,0,0,0,0,0,0,0,0,0,0,0,0
9730,0,0,0,0,0,0,0,0,0,0,1,0,0,0,0,1,1,1,0,1,1
9740,1,1,1,1,1,1,1,1,1,1,1,1,1,1,1,1,1,1,1,1,1
9750,10,10,9,9,9,9,9,8,8,8,8,8,8,8,8,8,8,8,8,8,8
9760,0,0,0,0,0,0,0,0,0,0,0,0,0,0,0,0,0,0,0,0,0
9770,0,0,0,0,0,0,0,0,0,0,0,0,0,0,0,0,0,0,0,0,0
9780,3,3,3,2,3,3,3,2,3,2,3,3,2,2,2,3,2,2,2,2,2
9790,0,0,0,0,0,0,0,0,0,0,0,0,0,0,0,0,0,0,0,0,0
9800,0,0,0,0,0,0,0,0,0,0,0,0,0,0,0,0,0,0,0,0,0
9810,1,1,1,1,1,1,1,1,1,1,1,1,1,1,1,1,1,1,1,1,1
9820,0,0,0,0,0,0,0,0,0,0,0,0,0,0,0,0,0,0,0,0,0
9830,0,0,0,0,0,0,0,0,0,0,0,0,0,0,0,0,0,0,0,0,0
9840,0,0,0,0,0,0,0,0,0,0,0,0,0,0,0,0,0,0,1,1,1
9850,0,0,0,0,0,0,0,0,0,0,0,0,0,0,0,0,0,0,0,0,0
9860,12,11,11,10,10,10,10,10,10,10,10,10,9,9,9,9,9,9,9,9,9
9870,0,0,0,0,0,0,0,0,0,0,0,0,0,0,0,0,0,0,0,0,0
9880,0,0,0,0,0,0,0,0,0,0,0,0,0,0,0,0,0,0,0,0,0
9890,13,12,12,11,11,11,11,11,11,11,11,10,10,10,10,10,10,10,10,10,10
9900,2,2,2,2,2,2,3,2,3,2,3,3,3,2,2,3,3,3,3,3,3
9910,24,23,22,21,21,21,21,20,20,20,20,19,19,19,19,19,18,19,18,18,18
9920,0,0,0,0,0,0,0,0,0,0,0,0,0,0,0,0,0,0,0,0,0
9930,0,1,1,1,1,1,1,1,1,1,1,1,1,1,1,1,1,1,1,1,1
9940,0,0,0,0,0,0,0,0,0,0,0,0,0,0,0,0,0,0,0,0,0
9950,0,0,0,0,0,0,0,0,0,0,0,0,0,0,0,0,0,0,0,0,0
9960,0,0,0,0,0,0,0,0,0,0,0,0,0,0,0,0,0,0,0,0,0
9970,0,0,0,0,0,0,0,0,0,0,0,0,0,0,0,0,0,0,0,0,0
9980,0,0,0,0,0,0,0,0,0,0,0,0,0,0,0,0,0,0,0,0,0
9990,0,0,0,5,4,14,8,20,16,17,18,12,22,24,23,23,26,29,32,27,37
10000,0,0,0,0,0,0,0,0,0,0,0,0,0,0,0,0,0,0,0,0,0
10010,0,0,0,0,0,0,0,0,0,0,0,0,0,0,0,0,0,0,0,0,0
10020,0,0,0,0,0,0,0,0,0,0,0,0,0,0,0,0,0,0,0,0,0
10030,1,1,1,1,1,1,1,1,1,1,1,1,1,1,1,1,1,1,1,1,1
10040,0,0,0,0,0,1,1,1,1,1,1,1,1,1,1,1,1,1,1,1,1
10050,0,0,0,0,0,0,0,0,0,0,0,0,0,0,0,0,0,0,0,0,0
10060,0,0,0,0,0,1,1,1,1,1,1,1,1,1,1,1,1,1,1,1,1
10070,0,0,0,0,0,0,0,0,0,0,0,0,0,0,0,0,0,0,0,0,0
10080,0,0,0,0,0,0,0,0,0,0,0,0,0,0,0,0,0,0,0,0,0
10090,0,0,0,0,0,0,0,0,0,0,0,0,0,0,0,0,0,0,0,0,0
10100,1,1,1,1,1,1,1,1,1,1,1,1,1,1,1,1,1,1,1,1,1
10110,0,0,0,0,3,4,4,5,6,5,8,5,8,7,8,9,9,10,11,10,12
10120,1,1,1,1,1,1,2,1,2,2,2,2,2,2,2,2,2,2,2,2,2
10130,7,7,7,6,7,7,7,6,7,7,7,7,7,6,6,7,6,6,6,6,6
10140,0,0,0,0,0,0,0,0,0,0,0,0,0,0,0,0,0,0,0,0,1
10150,0,0,0,0,0,0,0,0,0,0,0,0,0,0,0,0,0,0,0,0,0
10160,0,0,0,0,0,0,0,0,0,0,0,0,0,0,0,0,0,0,0,0,0
10170,1,1,1,1,1,1,1,1,1,1,1,1,1,1,1,1,1,1,1,1,1
10180,18,17,17,16,17,16,16,16,16,16,16,16,15,15,15,15,15,15,15,15,14
10190,0,0,0,0,0,0,0,0,0,0,0,0,0,0,0,0,0,0,0,0,0
10200,0,0,0,0,0,0,0,0,0,0,0,0,0,0,0,0,0,0,0,0,0
10210,0,0,0,0,0,0,0,0,0,0,0,0,0,0,0,0,0,0,0,0,0
10220,0,0,0,0,0,0,0,0,0,0,0,0,0,0,0,0,0,0,0,0,0
10230,0,0,0,0,0,0,0,0,0,0,0,0,0,0,0,0,0,0,0,0,0
10240,0,0,0,0,0,0,0,0,0,0,0,0,0,0,0,0,0,0,0,0,0
10250,0,0,0,0,0,0,0,0,0,0,0,0,0,0,0,0,0,0,0,0,0
10260,0,0,0,0,0,0,0,0,0,0,0,0,0,0,0,0,0,0,0,0,0
10270,0,0,0,0,0,1,0,1,1,1,1,1,1,1,1,1,1,1,1,1,2
10280,2,2,2,2,2,2,2,2,2,2,2,2,2,2,2,2,2,2,2,2,2
10290,0,0,0,0,0,0,0,0,0,0,0,0,0,0,0,0,0,0,0,0,0
10300,0,0,0,0,0,0,0,1,1,1,1,1,1,1,1,1,1,1,1,1,1
10310,0,0,1,1,1,1,1,2,2,2,2,2,2,2,2,2,2,2,3,2,2
10320,0,0,0,0,0,0,0,0,0,0,0,0,0,0,0,0,0,0,0,0,0
10330,0,0,0,0,0,0,0,0,0,0,0,0,0,0,0,0,0,0,0,0,0
10340,0,0,0,1,1,1,1,1,1,1,1,1,1,1,2,1,2,2,2,2,2
10350,0,0,0,0,0,0,0,0,0,0,0,0,0,0,0,0,0,0,0,0,0
10360,0,0,0,0,0,0,0,0,0,0,0,0,0,0,0,0,0,0,0,0,0
10370,0,0,0,0,0,0,0,0,0,0,0,0,0,0,0,0,0,0,0,0,0
10380,26,25,24,24,23,23,23,23,22,22,22,22,22,21,21,21,20,21,20,20,20
10390,0,0,0,0,0,0,0,0,0,0,0,0,0,0,0,0,0,0,0,0,0
10400,0,0,0,0,0,1,1,1,1,1,1,1,1,1,1,1,1,2,2,2,2
10410,0,0,0,0,0,0,0,0,0,0,0,0,0,0,0,0,0,0,0,0,0
10420,0,0,0,0,0,1,1,1,1,1,1,1,1,1,1,1,1,1,1,1,1
10430,0,0,0,0,0,0,0,0,0,0,0,0,0,0,0,0,0,0,0,0,0
10440,0,0,0,0,0,0,0,0,0,0,0,0,0,0,0,0,0,0,0,0,0
10450,0,0,1,0,1,1,1,1,2,1,2,1,2,2,2,2,2,2,2,2,3
10460,25,26,25,23,25,25,25,23,25,24,25,24,24,23,23,24,24,24,23,23,23
10470,0,2,3,2,4,4,5,4,6,5,7,5,7,6,6,8,7,8,8,8,9
10480,0,0,0,0,0,0,0,0,0,0,0,0,0,0,0,0,0,0,0,0,0
10490,0,0,0,0,0,0,0,0,0,0,1,0,1,1,1,1,1,1,1,1,1
10500,0,0,0,0,1,1,1,1,2,1,2,1,2,2,2,2,2,2,2,2,3
10510,0,0,0,0,0,0,0,0,0,0,0,0,0,0,0,0,0,1,1,1,1
10520,0,0,0,0,0,0,0,0,0,0,0,0,0,0,0,0,0,0,0,0,0
10530,0,0,0,0,0,0,0,0,0,0,0,0,0,0,0,0,0,0,0,0,0
10540,0,0,0,0,0,0,0,0,0,0,0,0,0,0,0,0,0,0,0,0,0
10550,0,0,0,0,1,1,1,2,2,2,2,1,2,2,2,3,2,3,3,3,4
10560,0,0,0,0,0,0,0,0,0,0,0,0,0,0,0,0,0,0,0,0,0
10570,0,0,0,0,0,0,0,0,0,0,0,0,0,0,0,0,0,0,0,0,0
10580,1,1,1,1,1,1,1,1,1,1,1,1,1,1,1,1,1,1,1,1,1
10590,0,0,0,0,0,0,0,0,0,0,0,0,0,0,0,0,0,0,0,0,0
10600,0,0,0,0,1,1,1,1,1,1,1,1,1,1,1,2,2,2,2,2,2
10610,0,0,0,0,0,0,0,0,1,0,1,0,1,1,1,1,1,1,1,1,1
10620,0,0,0,0,0,0,0,0,0,0,0,0,0,0,0,0,0,0,0,0,0
10630,0,0,0,0,0,0,0,0,0,0,0,0,0,0,0,0,0,0,0,0,0
10640,0,0,0,0,0,0,0,0,0,0,0,0,0,0,0,0,0,0,0,0,0
10650,0,0,0,0,0,0,0,0,0,0,0,0,0,0,0,0,0,0,0,0,0
10660,0,0,0,0,0,0,0,0,0,0,0,0,0,0,0,0,0,0,0,0,0
10670,0,0,0,0,0,0,0,0,0,0,0,0,0,0,0,0,0,0,0,0,0
10680,0,0,0,0,0,0,0,0,0,0,0,0,0,0,0,0,0,0,0,0,0
10690,0,0,0,0,0,0,0,0,0,0,0,0,0,0,0,0,0,0,0,0,0
10700,0,0,0,1,1,5,3,7,6,6,7,4,8,9,9,8,10,11,13,10,14
10710,0,0,0,0,0,0,0,0,0,0,0,0,0,0,0,0,0,0,0,0,0
10720,0,0,0,0,0,0,0,0,1,1,1,1,1,1,1,1,1,1,1,1,1
10730,0,0,0,0,0,0,0,0,0,0,0,0,0,0,0,0,0,0,0,0,0
10740,3,6,7,6,7,8,8,8,9,10,9,9,9,11,9,10,11,11,12,10,11
10750,0,0,0,0,0,0,0,0,0,0,0,0,0,0,0,0,0,0,0,0,0
10760,0,0,0,0,0,0,0,0,0,0,0,0,0,0,0,0,0,0,0,0,0
10770,0,0,0,0,0,0,0,0,0,0,0,0,0,1,1,0,1,1,1,1,1
10780,0,0,0,0,0,0,0,0,0,0,1,0,1,0,1,1,1,1,1,1,1
10790,0,0,1,0,1,1,1,1,1,1,1,1,1,1,1,1,1,1,1,1,1
10800,1,1,1,1,1,1,1,1,1,1,1,1,1,1,1,1,1,1,1,1,1
10810,0,0,1,1,1,1,1,1,1,1,1,1,1,1,1,1,2,2,2,2,2
10820,0,0,0,0,0,1,0,1,1,1,1,1,1,1,1,1,1,1,1,1,1
10830,0,0,0,0,0,0,0,0,0,0,0,0,0,0,0,0,0,0,0,0,0
10840,0,0,0,0,0,0,0,0,0,0,0,0,0,1,1,0,1,1,1,1,1
10850,0,0,0,0,0,0,0,0,0,0,0,0,0,0,0,0,0,0,0,0,0
10860,15,20,20,17,21,21,23,20,23,21,23,22,23,21,22,24,23,23,22,23,24
10870,0,2,2,1,3,3,3,3,3,3,4,3,4,3,4,4,4,4,4,4,4
10880,1,1,1,1,1,1,1,1,1,1,1,1,1,1,1,1,1,1,1,1,1
10890,0,0,0,0,1,1,1,1,2,2,2,2,2,2,2,3,3,3,3,3,3
10900,0,0,0,0,0,0,1,1,1,1,1,1,1,1,1,1,1,1,1,1,1
10910,0,0,0,0,0,0,0,0,0,0,0,0,0,0,0,0,0,0,0,0,0
10920,0,0,0,0,0,0,0,0,0,0,0,0,0,0,0,0,0,0,0,0,0
10930,4,4,4,4,4,4,4,4,4,4,4,4,3,3,3,3,3,3,3,3,3
10940,0,0,1,0,2,3,4,4,6,5,7,5,7,6,7,8,8,8,9,9,10
10950,0,0,0,0,0,0,0,0,0,0,0,0,0,0,0,0,0,0,0,0,0
10960,0,0,0,0,0,0,0,0,1,0,1,0,1,1,1,1,1,1,1,1,1
10970,2,2,2,2,2,2,2,2,2,2,2,2,2,2,2,2,2,2,2,2,2
10980,0,0,0,0,0,0,0,0,0,0,0,0,0,0,0,0,0,0,0,0,0
10990,0,0,1,1,1,1,1,1,1,1,1,1,1,1,1,1,2,2,2,2,2
11000,0,0,0,0,0,0,1,1,1,1,1,1,1,1,1,1,1,1,1,1,1
11010,0,0,0,0,1,1,1,1,1,1,1,1,1,1,1,1,1,1,1,1,1
11020,5,7,7,6,8,8,8,7,8,8,9,8,9,8,8,9,9,9,8,9,9
11030,0,0,0,0,1,1,1,1,1,1,2,1,2,1,1,2,2,2,2,2,2
11040,0,0,0,0,2,3,3,4,5,4,6,4,6,6,6,7,7,7,8,8,9
11050,0,0,0,0,0,0,0,0,0,0,0,0,0,0,0,0,0,0,0,0,0
11060,0,0,0,0,0,0,0,0,0,0,0,0,0,0,0,0,0,0,0,0,0
11070,0,0,0,0,0,0,0,1,1,1,1,0,1,1,1,1,1,1,1,1,1
11080,0,0,0,0,0,0,0,0,0,0,0,0,0,0,0,0,0,0,0,0,0
11090,0,0,0,0,0,0,0,0,0,0,0,0,0,0,0,0,0,0,0,0,0
11100,0,0,0,0,0,0,0,0,0,0,0,0,0,0,0,0,0,0,0,0,0
11110,0,0,0,0,0,0,0,0,0,0,0,0,0,0,0,0,0,0,0,0,0
11120,0,0,1,0,2,3,3,4,5,4,6,4,6,6,6,7,7,7,8,8,9
11130,29,31,31,28,31,30,31,29,31,30,31,30,30,28,30,31,30,30,28,30,29
11140,0,0,0,0,0,0,0,0,0,0,0,0,0,0,0,0,0,0,0,0,0
11150,0,0,0,0,0,0,0,0,0,0,0,0,0,0,0,0,0,0,0,0,0
11160,0,0,0,0,1,1,1,1,1,1,1,1,2,2,2,2,2,2,2,2,2
11170,0,0,0,0,0,0,0,0,0,0,0,0,0,0,0,0,0,0,0,0,0
11180,0,0,0,0,0,0,0,0,0,0,0,0,0,0,0,0,0,0,0,0,0
11190,0,0,0,0,0,0,0,0,0,0,0,0,0,0,0,0,0,0,0,0,0
11200,0,0,0,0,0,0,0,0,0,0,0,0,0,0,0,0,0,0,0,0,0
11210,0,0,0,0,0,0,0,0,0,0,0,0,0,0,0,0,0,0,0,0,0
11220,0,0,0,0,0,0,0,0,0,0,0,0,0,1,1,1,1,1,1,1,1
11230,0,0,0,0,0,0,0,0,0,0,0,0,0,0,0,0,0,0,0,0,0
11240,0,0,2,2,2,2,2,3,3,3,3,3,3,3,4,3,4,4,4,4,4
11250,0,0,0,0,0,0,0,0,0,0,0,0,0,0,0,0,0,0,0,0,0
11260,0,0,0,0,0,0,0,0,0,0,0,0,0,0,0,0,0,0,0,0,0
11270,0,0,0,0,0,0,0,0,0,0,0,0,0,0,0,0,0,0,0,0,0
11280,0,0,0,0,0,0,0,0,0,0,0,0,0,0,0,0,0,0,0,0,0
11290,0,0,0,0,0,0,0,0,0,0,0,0,0,0,0,0,0,0,0,0,0
11300,0,0,1,1,2,3,4,4,5,4,6,4,6,5,6,7,6,7,8,8,8
11310,1,1,2,2,2,3,2,3,3,3,3,3,3,3,3,3,3,3,3,3,3
11320,0,0,0,0,0,0,0,0,0,0,0,0,0,0,0,0,0,0,0,0,0
11330,0,0,0,0,0,0,0,0,0,0,0,0,0,0,0,0,0,0,0,0,0
11340,0,0,0,1,2,4,4,6,7,6,8,5,8,8,8,9,9,10,12,11,12
11350,0,0,0,0,0,0,0,0,0,0,0,0,1,1,1,1,1,1,1,1,1
11360,0,0,0,0,0,0,0,0,0,0,0,0,0,0,0,0,0,0,0,0,0
11370,0,0,2,2,2,2,3,3,4,4,4,4,4,4,5,5,5,5,5,5,5
11380,0,0,0,1,1,2,2,4,3,3,3,2,4,5,4,4,5,5,6,5,7
11390,0,0,0,0,0,0,0,0,0,0,0,0,0,0,0,0,0,0,0,0,0
11400,0,0,0,0,0,0,0,0,0,0,0,0,0,0,0,0,0,0,0,0,0
11410,0,0,0,0,0,0,0,0,0,0,0,0,0,0,0,0,0,0,0,0,0
11420,26,26,26,24,25,24,25,23,24,23,24,23,22,22,22,23,22,22,21,22,21
11430,0,0,0,0,0,0,0,0,0,0,1,0,1,1,1,1,1,1,1,1,1
11440,0,2,2,2,2,2,2,3,3,3,3,2,3,3,3,3,3,4,4,4,4
11450,0,0,0,0,0,0,0,0,0,0,0,0,1,1,1,1,1,1,1,1,1
11460,0,0,0,0,0,0,0,0,0,0,0,0,0,0,0,0,0,0,0,0,0
11470,0,0,0,0,0,0,0,0,0,0,0,0,0,0,0,0,0,0,1,0,0
11480,0,0,0,0,0,0,0,0,1,1,1,1,1,1,1,1,1,1,1,1,1
11490,2,5,5,4,6,6,6,6,7,6,8,7,7,7,7,8,8,8,9,8,9
11500,0,0,0,0,0,0,0,0,0,0,0,0,0,0,0,0,0,0,0,0,0
11510,0,0,0,0,0,0,0,0,0,0,0,0,0,0,0,0,0,0,1,0,1
11520,0,0,0,0,0,0,0,0,0,0,0,0,0,0,0,0,0,0,0,0,0
11530,0,0,0,0,0,0,0,0,0,0,0,0,0,0,0,1,1,1,1,1,1
11540,0,0,0,0,0,0,0,0,0,0,0,0,0,0,0,0,0,0,0,0,0
11550,0,0,0,0,0,1,1,1,1,1,1,1,1,1,1,1,1,1,1,1,1
11560,0,0,0,0,0,0,0,0,0,0,0,0,0,1,1,0,1,1,1,1,1
11570,0,0,0,0,0,0,0,0,0,0,0,0,0,0,0,0,0,0,0,0,0
11580,1,1,1,1,1,1,1,1,1,1,1,1,1,1,1,1,1,1,1,1,1
11590,0,0,0,0,0,0,0,0,0,0,0,0,0,1,1,0,0,1,1,1,1
11600,0,0,2,2,4,5,6,6,8,7,9,6,10,9,10,11,11,12,13,13,13
11610,10,32,58,61,61,70,63,76,82,79,83,79,80,94,98,87,99,100,102,93,99
11620,44,46,50,48,48,49,48,49,50,48,49,48,46,50,50,48,49,48,48,48,47
11630,7,7,7,7,7,7,7,6,6,6,6,6,6,6,6,6,6,6,6,6,6
11640,0,0,0,0,0,0,0,0,0,0,1,0,1,1,1,1,1,1,1,1,1
11650,0,3,10,9,17,18,23,22,33,28,34,28,38,34,38,42,40,43,47,48,48
11660,0,0,0,0,0,0,0,0,0,0,0,0,0,0,0,0,0,0,0,0,0
11670,0,1,2,1,3,3,4,3,5,4,5,4,5,5,5,6,6,6,6,7,6
11680,0,0,0,0,0,0,0,0,0,0,0,0,0,0,0,0,0,0,0,0,0
11690,0,0,0,0,0,0,0,0,0,0,0,0,0,0,0,0,0,0,0,0,0
11700,0,0,0,0,0,0,0,0,0,0,0,0,0,0,0,0,0,0,0,0,0
11710,0,0,0,0,0,0,0,0,0,0,0,0,0,0,0,0,0,0,0,0,0
11720,1,1,1,1,1,1,1,1,1,1,1,1,1,1,1,1,1,1,1,1,1
11730,0,0,0,0,0,0,0,0,0,0,0,0,0,0,0,0,0,0,0,0,0
11740,0,0,0,0,0,0,0,0,0,0,0,0,0,1,1,0,1,1,1,1,1
11750,2,2,2,3,2,3,3,3,3,3,3,3,3,3,3,3,3,3,4,3,3
11760,0,0,0,0,0,0,0,0,0,0,0,0,0,0,0,0,0,0,0,0,0
11770,0,2,5,6,6,8,6,9,10,9,10,9,10,12,13,11,13,13,14,12,13
11780,0,0,0,0,0,0,0,0,0,0,0,0,0,0,0,0,0,0,0,0,0
11790,0,0,0,0,0,0,0,0,0,0,0,0,0,0,0,0,0,0,0,0,0
11800,0,0,0,0,0,0,0,0,0,0,0,0,0,0,0,0,0,0,0,0,0
11810,0,0,0,0,0,0,0,0,0,0,0,0,0,0,1,1,1,1,1,1,1
11820,0,0,0,0,0,0,0,0,0,0,0,0,0,0,0,0,0,0,0,0,0
11830,0,0,0,0,0,0,0,0,0,0,0,0,0,0,0,0,0,0,0,0,0
11840,0,0,0,0,0,0,0,0,0,0,0,0,0,0,0,0,0,0,0,0,0
11850,0,1,0,0,0,0,0,0,0,0,0,0,0,0,0,0,0,0,0,0,0
11860,1,1,1,1,1,1,1,1,1,1,1,1,1,1,1,1,1,1,1,1,1
11870,0,0,0,0,0,0,0,0,0,0,0,0,0,0,0,0,0,0,0,0,0
11880,0,0,0,0,0,0,0,0,0,0,0,0,0,0,0,0,0,0,0,0,0
11890,0,0,0,0,0,0,0,0,0,0,0,0,0,0,0,0,0,0,0,0,0
11900,0,0,0,0,0,0,0,0,0,0,0,0,0,0,0,0,0,0,0,0,0
11910,0,0,0,0,0,0,0,0,0,0,0,0,0,0,0,0,0,0,0,0,0
11920,0,0,0,1,1,1,1,2,2,1,2,1,2,2,2,2,2,3,3,3,3
11930,5,5,5,5,5,5,5,5,5,5,6,5,5,5,5,6,5,5,5,5,5
11940,0,0,0,0,0,0,0,0,0,0,0,0,0,0,0,0,0,0,1,0,1
11950,0,0,0,0,0,0,0,0,0,0,0,0,0,0,0,0,0,0,0,0,0
11960,0,1,1,2,2,2,2,2,2,2,2,2,2,3,3,3,3,3,3,3,3
11970,0,0,0,0,0,0,0,0,0,0,0,0,0,0,0,0,0,0,0,0,0
11980,0,0,0,0,0,0,0,0,0,0,0,0,0,0,0,0,0,0,0,0,0
11990,0,0,0,0,0,0,0,0,0,0,0,0,0,0,0,0,0,0,0,0,0
12000,1,1,1,1,1,1,1,1,1,1,1,1,1,1,1,1,1,1,1,1,1
12010,0,0,0,0,0,0,0,0,0,0,0,0,0,0,0,0,0,0,0,0,0
12020,0,2,4,5,7,8,8,9,12,10,13,10,14,14,15,15,15,16,17,17,18
12030,0,0,0,0,0,0,0,0,0,0,0,0,1,1,1,0,1,1,1,1,1
12040,0,0,0,0,0,0,0,0,0,0,0,0,0,0,0,0,0,0,0,0,0
12050,0,0,0,0,0,0,0,0,0,0,0,0,0,0,0,0,0,0,0,0,0
12060,0,0,0,0,0,0,0,0,0,0,0,0,0,0,0,0,0,0,0,0,0
12070,0,0,0,0,0,0,0,0,0,0,0,0,0,0,0,0,0,0,0,0,0
12080,0,0,1,1,1,1,1,1,2,1,2,1,2,2,2,2,2,2,2,2,2
12090,0,0,0,0,0,0,0,0,0,0,0,0,0,0,0,0,0,0,0,0,0
12100,0,0,0,0,0,0,0,0,0,0,0,0,0,0,0,0,0,0,0,0,0
12110,0,0,0,0,1,1,1,1,1,1,1,1,1,1,1,1,1,1,2,1,2
12120,0,2,5,6,5,7,6,7,8,8,8,7,8,10,10,8,10,10,11,9,10
12130,0,0,0,0,0,0,0,0,0,0,0,0,0,0,0,0,0,0,0,0,0
12140,0,0,0,0,0,0,0,0,0,0,0,0,0,0,0,0,0,0,0,0,0
12150,0,0,0,0,0,0,0,0,0,0,0,0,0,0,0,0,0,0,0,0,0
12160,0,1,1,1,1,1,1,1,2,2,2,2,2,2,2,2,2,2,2,2,2
12170,0,0,0,0,0,0,0,0,0,0,0,0,0,0,0,0,0,0,0,0,0
12180,0,0,0,0,1,1,1,1,1,1,1,1,1,1,1,1,1,1,1,1,1
12190,0,0,0,0,0,0,0,0,0,0,0,0,0,0,0,0,0,0,1,1,1
12200,0,0,0,0,0,0,0,0,0,0,0,0,0,0,0,0,0,0,0,0,0
12210,0,0,0,0,0,1,0,1,1,1,1,1,1,1,1,1,1,1,1,1,1
12220,0,0,0,0,0,0,0,0,0,0,0,0,0,0,0,0,0,0,0,0,0
12230,0,0,0,0,0,0,0,0,1,0,1,0,1,1,1,1,1,1,1,1,1
12240,1,1,2,2,2,2,2,2,2,2,2,2,2,2,2,2,2,2,2,2,2
12250,0,0,1,1,1,1,1,1,2,1,2,1,2,2,2,2,2,2,3,2,3
12260,12,12,12,12,11,12,12,11,12,11,11,11,11,11,11,11,11,11,11,10,10
12270,0,0,0,0,0,0,0,0,0,0,0,0,0,0,0,0,0,0,0,0,0
12280,0,1,2,3,4,4,5,5,7,5,7,5,8,8,8,8,8,8,10,9,10
12290,0,0,0,0,0,0,0,0,0,0,0,0,0,0,0,0,0,0,0,0,0
12300,2,5,5,5,6,6,6,6,7,6,8,7,8,8,8,9,8,8,8,8,9
12310,0,0,0,0,0,0,0,0,0,0,0,0,0,0,0,0,0,0,0,0,0
12320,0,0,0,0,0,0,0,0,0,0,0,0,0,0,0,0,0,0,0,0,0
12330,0,0,0,0,0,0,0,0,0,0,0,0,0,0,0,0,0,0,0,0,0
12340,0,0,0,131,122,339,275,506,467,361,530,267,588,719,679,577,673,737,926,732,883
12350,0,0,0,31,28,81,65,121,112,86,127,63,141,173,163,138,162,177,223,175,212
12360,0,0,0,0,0,1,0,1,1,1,1,0,1,1,1,1,1,1,1,1,1
12370,0,0,0,0,0,0,0,0,0,0,0,0,0,0,0,0,0,0,0,0,0
12380,0,0,0,0,0,0,0,0,0,0,0,0,0,0,0,0,0,0,0,0,0
12390,0,1,1,1,1,2,1,1,2,2,2,2,2,2,3,2,3,3,3,3,3
12400,0,0,0,0,0,0,0,0,0,0,0,0,0,0,0,0,0,0,0,0,0
12410,0,0,0,0,0,0,0,0,0,0,0,0,0,0,0,0,0,0,0,0,0
12420,0,0,0,0,0,0,0,0,0,0,0,0,0,0,0,0,0,0,0,0,0
12430,7,7,8,8,8,8,7,8,8,8,8,8,7,8,8,8,8,8,8,7,7
12440,17,17,17,17,17,17,16,16,17,16,16,16,15,16,16,16,16,15,15,15,15
12450,0,0,0,1,0,1,1,1,1,1,1,1,1,1,1,1,1,1,1,1,1
12460,11,10,10,10,10,10,10,9,9,9,9,9,9,9,9,9,9,9,8,8,8
12470,0,2,3,4,3,6,5,7,8,7,7,5,9,11,10,8,9,10,12,9,11
12480,0,0,0,0,0,0,0,0,0,0,0,0,0,0,0,0,0,0,0,0,0
12490,0,0,0,0,0,0,0,0,0,0,0,0,0,0,0,0,0,0,0,0,0
12500,0,3,4,6,6,8,7,8,11,9,12,9,12,13,14,14,14,15,15,15,16
12510,0,0,0,0,0,0,0,1,1,1,1,0,1,1,1,1,1,1,1,1,1
12520,48,47,45,44,44,43,43,42,42,41,42,41,40,40,39,41,39,39,37,37,37
12530,3,3,3,3,3,3,3,3,3,3,3,3,3,3,3,3,3,2,2,2,2
12540,0,0,0,0,0,0,0,0,1,0,1,0,1,1,1,1,1,1,1,1,1
12550,0,2,2,3,3,3,3,4,5,4,5,4,5,5,6,6,5,6,6,6,6
12560,0,0,0,1,1,2,2,3,3,2,3,1,3,4,4,3,4,4,5,4,5
12570,0,0,0,1,1,2,1,3,2,2,3,1,3,4,3,3,3,4,5,4,4
12580,0,0,0,0,0,0,0,1,1,1,1,0,1,1,1,1,1,1,1,1,1
12590,0,0,0,0,0,0,0,0,0,0,0,0,0,0,0,0,0,0,0,0,0
12600,0,0,0,0,0,1,1,1,1,1,1,1,1,1,1,1,1,1,1,1,1
12610,0,0,0,0,0,0,0,0,0,0,0,0,0,0,0,0,0,0,1,0,1
12620,4,4,4,4,4,4,4,4,4,4,4,4,3,4,4,4,4,3,3,3,3
12630,0,1,1,1,1,2,1,2,2,2,2,2,2,2,2,2,2,2,2,2,2
12640,0,1,1,1,1,1,1,1,2,1,2,1,1,2,2,2,2,2,2,2,2
12650,0,0,3,32,30,65,53,91,87,66,98,52,104,126,120,104,118,129,159,129,151
12660,0,0,0,21,19,48,39,71,66,50,76,37,83,101,95,80,93,102,129,103,121
12670,0,0,0,0,0,0,0,0,0,0,0,0,0,1,1,0,1,1,1,1,1
12680,0,0,0,0,0,0,0,0,0,0,0,0,0,0,1,0,0,1,1,1,1
12690,3,3,2,3,2,3,2,2,3,2,2,2,2,3,2,2,2,3,3,2,2
12700,0,0,0,0,0,0,0,0,0,0,0,0,0,0,0,0,0,0,0,0,0
12710,4,4,4,4,4,4,4,4,4,4,4,4,4,4,4,4,4,4,4,4,4
12720,0,0,0,0,0,0,0,0,1,0,1,0,1,1,1,1,1,1,1,1,1
12730,0,0,0,0,0,0,0,0,0,0,0,0,0,1,1,1,1,1,1,1,1
12740,0,0,0,0,0,0,0,0,0,0,0,0,0,0,0,0,0,0,0,0,0
12750,1,1,1,1,1,1,1,1,1,1,1,1,1,1,1,1,1,1,1,1,1
12760,5,6,5,5,5,5,5,5,5,5,5,5,5,5,5,5,5,5,4,5,4
12770,4,4,4,4,4,4,4,4,4,4,4,4,4,4,4,4,4,4,3,4,3
12780,0,0,0,0,0,0,0,0,0,0,0,0,0,0,0,0,0,0,0,0,0
12790,0,0,0,1,1,1,1,1,1,1,1,1,1,1,1,1,1,1,1,1,1
12800,0,0,0,0,0,0,0,0,0,0,0,0,0,0,0,0,0,0,0,0,0
12810,0,0,0,0,0,0,0,0,0,0,0,0,0,0,0,0,0,0,0,0,0
12820,1,2,3,4,3,4,3,4,5,5,5,5,5,6,6,5,6,6,6,6,6
12830,0,0,0,0,0,0,0,0,0,0,0,0,1,1,1,0,1,1,1,1,1
12840,0,0,0,0,0,0,0,1,1,0,1,0,1,1,1,1,1,1,1,1,1
12850,0,0,0,0,0,0,0,0,0,0,0,0,0,0,0,0,0,0,0,0,0
12860,0,1,1,1,1,1,1,2,2,2,2,1,2,2,2,2,2,2,2,2,2
12870,0,1,1,2,2,3,3,4,5,4,5,3,6,6,6,6,6,7,7,7,7
12880,0,0,0,0,0,0,0,0,0,0,0,0,0,0,0,0,0,0,0,0,0
12890,24,25,24,23,24,23,23,22,23,23,24,23,22,23,22,23,22,22,21,21,21
12900,1,3,3,5,4,5,4,5,6,5,6,5,6,7,7,6,7,7,7,6,7
12910,3,3,3,3,2,2,2,2,2,2,2,2,2,2,2,2,2,2,2,2,2
12920,0,0,1,1,1,1,1,1,1,1,1,1,1,1,1,1,1,1,1,1,1
12930,0,1,1,2,2,2,2,2,3,2,3,2,3,3,3,3,3,3,4,4,4
12940,1,2,2,2,2,2,2,2,2,2,3,2,2,3,3,3,3,3,3,3,3
12950,0,0,0,0,0,0,0,0,0,0,0,0,0,0,0,0,0,0,0,0,0
12960,3,3,3,3,3,3,3,3,3,3,3,3,3,3,3,3,3,3,3,3,3
12970,0,76,105,151,144,186,152,185,243,200,260,198,257,294,301,277,289,300,310,300,325
12980,0,9,12,17,17,21,17,21,28,23,30,23,29,34,34,32,33,34,35,34,37
12990,0,0,1,1,1,1,1,1,1,1,1,1,1,2,2,1,2,2,2,2,2
13000,0,0,0,0,0,0,0,0,0,0,0,0,0,0,0,0,0,0,0,0,0
13010,0,0,0,0,0,0,0,0,1,0,1,0,1,1,1,1,1,1,1,1,1
13020,0,0,0,0,0,0,0,0,0,0,0,0,0,0,0,0,0,0,0,0,0
13030,0,0,0,0,0,0,0,0,0,0,0,0,0,0,0,0,0,0,0,0,0
13040,0,0,0,1,0,1,0,1,1,1,1,1,1,1,1,1,1,1,1,1,1
13050,0,0,0,0,0,0,0,0,0,0,0,0,0,0,0,0,0,0,0,0,0
13060,0,0,0,0,0,0,0,0,0,0,0,0,0,0,0,0,0,0,0,0,0
13070,0,0,0,0,0,0,0,0,0,0,0,0,0,0,0,0,0,0,0,0,0
13080,0,0,1,1,1,1,1,1,1,1,1,1,1,1,1,1,1,1,1,1,2
13090,0,0,0,0,0,0,0,0,0,0,0,0,0,0,0,0,0,0,0,0,0
13100,0,0,0,1,1,1,1,1,1,1,1,1,1,2,2,1,2,2,2,2,2
13110,0,0,0,1,0,1,1,1,1,1,1,1,1,1,1,1,1,1,1,1,1
13120,0,1,1,1,1,1,1,1,1,1,1,1,1,1,1,1,1,1,1,1,1
13130,0,0,0,0,0,0,0,1,1,0,1,0,1,1,1,1,1,1,1,1,1
13140,0,0,0,1,0,1,1,1,1,1,1,1,1,1,1,1,1,1,1,1,1
13150,0,0,0,0,0,0,0,0,0,0,0,0,0,0,0,0,0,0,1,0,1
13160,0,0,0,0,0,0,0,0,0,0,0,0,0,0,0,0,0,0,0,0,0
13170,0,0,0,0,0,0,0,0,0,0,0,0,0,0,0,0,0,0,0,0,0
13180,0,0,0,0,0,0,0,0,0,0,1,0,1,1,1,1,1,1,1,0,1
13190,0,0,0,0,0,0,0,0,0,0,0,0,0,0,0,0,0,0,0,0,0
13200,0,0,0,0,0,0,0,0,0,0,0,0,0,0,0,0,0,0,0,0,0
13210,0,1,1,1,1,1,1,1,2,1,2,1,2,2,2,2,2,2,2,2,2
13220,3,3,3,3,3,3,3,3,3,3,3,3,3,3,3,3,3,3,3,3,3
13230,1,2,4,5,4,5,4,5,6,5,6,5,5,7,7,6,7,7,7,6,6
13240,0,0,0,0,0,0,0,0,0,0,0,0,0,0,0,0,0,0,0,0,0
13250,0,0,0,0,0,0,0,0,0,0,0,0,0,0,0,0,0,0,0,0,0
13260,0,0,0,0,0,0,0,0,0,0,0,0,0,0,0,0,0,0,0,0,0
13270,0,0,0,1,0,1,0,1,1,1,1,1,1,1,1,1,1,1,1,1,1
13280,231,267,257,259,269,262,262,248,267,259,277,264,255,272,272,279,273,256,238,251,249
13290,0,1,1,2,1,2,1,2,2,2,2,2,2,2,3,2,2,2,2,2,3
13300,0,1,1,2,1,2,1,2,2,2,2,2,2,2,2,2,2,2,2,2,2
13310,2,2,2,2,2,2,2,2,2,2,2,2,1,2,1,2,1,1,1,1,1
13320,0,0,0,0,0,0,0,0,0,0,0,0,0,0,0,0,0,0,0,0,0
13330,0,0,1,1,1,1,1,1,1,1,1,1,1,1,1,1,1,1,1,1,1
13340,2,2,2,2,2,2,1,1,2,1,1,1,1,2,1,1,1,1,1,1,1
13350,0,0,0,0,0,0,0,0,0,0,0,0,0,0,0,0,0,0,0,0,0
13360,1,1,1,1,1,1,1,1,1,1,1,1,1,1,2,2,2,1,1,1,1
13370,3,3,3,4,3,3,3,3,3,3,3,3,3,4,4,3,3,3,3,3,3
13380,0,0,0,0,0,0,0,0,0,0,0,0,0,0,0,0,0,0,0,0,0
13390,0,0,0,0,0,0,0,0,0,0,0,0,0,0,0,0,0,0,0,0,0
13400,1,4,4,6,6,7,6,7,8,7,9,7,9,10,10,9,10,10,9,9,10
13410,0,0,0,0,0,0,0,0,0,0,0,0,0,0,0,0,0,0,0,0,0
13420,0,0,0,0,0,0,0,0,1,0,1,0,1,1,1,1,1,1,1,1,1
13430,0,0,0,0,0,0,0,0,0,0,0,0,0,0,0,0,0,0,0,0,0
13440,54,70,84,114,90,104,87,103,113,107,110,104,105,135,140,119,134,118,125,114,124
13450,0,0,0,1,0,1,0,1,1,1,1,1,1,1,1,1,1,1,1,1,1
13460,3,5,7,10,7,10,7,10,11,10,10,9,10,13,13,10,13,12,13,11,12
13470,10,10,10,10,10,10,10,9,9,9,9,9,9,10,9,9,9,9,9,9,8
13480,0,0,0,0,0,0,0,0,0,0,0,0,0,0,0,0,0,0,0,0,0
13490,2,2,1,1,1,1,1,1,1,1,1,1,1,1,1,1,1,1,1,1,1
13500,0,0,0,0,0,0,0,0,0,0,0,0,0,1,1,0,0,0,0,0,0
13510,0,0,0,0,0,0,0,0,1,0,0,0,0,1,1,0,1,1,1,1,1
13520,2,2,2,2,2,2,2,2,2,2,2,2,2,2,2,2,2,2,2,2,2
13530,0,2,2,4,3,4,3,4,5,4,6,4,6,7,7,6,6,7,7,7,7
13540,0,0,0,0,0,0,0,0,0,0,0,0,0,0,0,0,0,0,0,0,0
13550,0,0,0,0,0,0,0,0,0,0,0,0,0,0,0,0,0,0,0,0,0
13560,0,0,0,0,0,0,0,0,0,0,0,0,0,0,0,0,0,0,0,0,0
13570,1,1,1,1,1,1,1,1,1,1,1,1,1,1,1,1,1,1,1,1,1
13580,0,0,0,0,0,0,0,0,0,0,0,0,0,0,0,0,0,0,0,0,0
13590,0,0,0,1,1,1,1,1,1,1,1,1,1,1,1,1,1,1,1,1,1
13600,0,0,0,0,0,0,0,0,0,0,0,0,0,0,0,0,0,0,0,0,0
13610,0,0,0,0,0,0,0,0,0,0,0,0,0,0,0,0,0,0,0,0,0
13620,0,0,0,0,0,0,0,0,0,0,0,0,0,0,0,0,0,0,0,0,0
13630,0,0,0,0,0,0,0,0,0,0,0,0,0,0,0,0,0,0,0,0,0
13640,0,0,0,0,0,0,0,0,0,0,0,0,0,0,0,0,0,0,0,0,0
13650,0,0,1,1,1,1,1,1,1,1,1,1,1,1,1,1,1,1,1,1,1
13660,2,3,3,3,3,3,3,3,3,3,3,3,3,3,4,3,3,3,3,3,3
13670,0,0,0,0,0,0,0,0,0,0,0,0,0,1,1,0,1,1,1,1,1
13680,0,0,0,0,0,0,0,0,0,0,0,0,0,0,0,0,0,0,0,0,0
13690,3,3,2,2,2,2,2,2,2,2,2,2,2,2,2,2,2,2,2,2,2
13700,0,0,0,0,0,0,0,0,0,0,0,0,0,0,0,0,0,0,0,0,0
13710,0,0,0,0,0,0,0,0,0,0,0,0,0,1,1,1,1,1,1,1,1
13720,9,12,11,13,12,13,12,12,14,13,14,13,13,15,16,15,15,14,13,13,14
13730,5,6,5,5,5,5,5,5,5,5,5,5,5,5,5,5,5,5,4,5,5
13740,0,0,0,1,0,1,0,1,1,1,1,1,1,1,1,1,1,1,1,1,1
13750,0,0,0,0,0,0,0,0,0,0,0,0,0,0,0,0,0,0,0,0,0
13760,4,4,3,3,3,3,3,3,3,3,3,3,3,3,3,3,3,3,3,3,3
13770,0,0,0,0,0,0,0,0,1,0,1,0,1,1,1,1,1,1,1,1,1
13780,4,4,4,4,4,4,4,4,4,4,4,4,4,4,4,4,4,4,4,4,4
13790,0,1,1,3,2,3,2,3,3,3,3,3,4,4,4,3,4,4,5,4,4
13800,2,3,2,2,2,2,2,2,2,2,2,2,2,2,2,2,2,2,2,2,2
13810,0,0,0,0,0,0,0,0,0,0,0,0,0,0,0,0,0,0,0,0,0
13820,0,0,0,0,0,0,0,0,0,0,0,0,0,0,0,0,0,0,0,0,0
13830,0,1,1,2,1,2,1,2,3,2,3,2,3,4,4,3,3,4,4,4,4
13840,19,21,20,22,20,22,20,21,22,21,24,22,21,24,23,22,24,24,23,21,23
13850,0,4,5,13,8,15,10,17,18,15,20,14,19,26,26,17,23,24,29,23,28
13860,0,12,16,42,24,47,31,53,57,47,62,43,60,83,82,55,71,75,90,72,88
13870,0,3,4,12,7,13,9,15,16,13,18,12,17,23,23,15,20,21,26,20,25
13880,0,0,1,2,1,2,1,2,2,2,2,2,2,3,3,2,3,3,4,3,4
13890,1,1,1,1,1,1,1,1,1,1,1,1,1,1,1,1,1,1,1,1,1
13900,0,0,0,0,0,0,0,0,0,0,0,0,0,0,0,0,0,0,0,0,0
13910,0,0,0,1,0,1,0,1,1,1,1,1,1,1,1,1,1,1,1,1,1
13920,4,4,4,4,3,3,3,3,3,3,3,3,3,3,3,3,3,3,3,3,3
13930,1,1,1,1,1,1,1,1,1,1,1,1,1,1,1,1,1,1,1,1,1
13940,0,0,0,0,0,0,0,0,0,0,0,0,1,1,1,0,1,1,1,1,1
13950,0,0,0,0,0,0,0,0,0,0,0,0,0,0,0,0,0,0,0,0,0
13960,0,0,0,1,1,1,1,2,2,2,2,1,2,3,3,2,2,2,3,2,3
13970,0,0,0,0,0,0,0,0,0,0,0,0,0,0,0,0,0,0,0,0,0
13980,0,0,0,0,0,0,0,0,0,0,0,0,0,0,0,0,0,0,0,0,0
13990,6,7,7,7,7,7,6,6,7,6,7,7,6,7,7,7,7,6,6,6,6
14000,0,0,0,0,0,0,0,0,0,0,0,0,0,0,0,0,0,0,0,0,0
14010,6,6,5,6,5,5,5,5,5,5,5,5,5,5,5,5,5,5,5,4,4
14020,0,1,1,1,1,1,1,1,1,1,1,1,1,1,1,1,1,1,1,1,1
14030,0,1,1,1,1,1,1,1,1,1,1,1,1,1,1,1,1,1,1,1,1
14040,0,2,2,5,3,5,3,5,6,5,6,5,7,8,9,6,8,8,9,7,9
14050,0,0,0,0,0,0,0,0,1,0,1,0,1,1,1,0,1,1,1,1,1
14060,2,2,3,3,3,3,3,3,3,3,3,3,3,4,4,3,4,3,3,3,3
14070,0,0,0,0,0,0,0,0,0,0,0,0,0,1,1,0,0,0,1,0,1
14080,2,2,2,2,2,2,2,2,2,2,2,2,2,2,2,2,2,2,2,2,2
14090,1,1,1,2,1,2,1,2,2,2,2,2,2,2,2,2,2,2,2,2,2
14100,0,0,0,0,0,0,0,0,0,0,0,0,0,0,0,0,0,0,0,0,0
14110,0,1,1,1,1,1,1,1,1,1,1,1,1,1,1,1,1,1,1,1,1
14120,0,1,1,1,1,1,1,1,1,1,1,1,1,1,1,1,1,1,1,1,1
14130,0,0,1,3,1,3,2,3,3,3,3,2,4,5,5,3,4,4,5,4,5
14140,0,1,1,2,1,2,1,2,3,2,3,2,3,4,4,3,3,3,4,3,4
14150,1,1,2,2,2,2,2,2,2,2,2,2,2,3,3,2,3,2,2,2,2
14160,17,16,15,16,15,15,15,14,14,14,14,14,14,14,14,13,13,13,13,12,13
14170,1,1,1,2,1,2,1,2,2,2,2,2,2,2,2,2,2,2,2,2,2
14180,0,0,0,0,0,0,0,0,0,0,0,0,0,0,0,0,0,0,0,0,0
14190,0,0,0,0,0,0,0,0,0,0,0,0,0,1,1,0,1,1,1,1,1
14200,0,0,0,0,0,0,0,0,0,0,0,0,0,0,0,0,0,0,0,0,0
14210,2,2,3,4,3,3,3,4,4,3,3,3,3,4,4,4,4,4,4,3,4
14220,0,0,0,0,0,0,0,0,0,0,0,0,0,0,0,0,0,0,0,0,0
14230,4,4,5,7,5,6,5,6,6,6,6,6,6,8,8,6,7,7,7,6,7
14240,0,0,0,1,0,0,0,0,0,0,0,0,0,1,1,0,1,1,1,0,1
14250,0,0,0,0,0,0,0,0,0,0,0,0,0,0,0,0,0,0,0,0,0
14260,0,0,0,0,0,0,0,0,0,0,0,0,0,0,0,0,0,0,0,0,0
14270,12,11,11,11,11,11,10,10,10,10,10,10,10,10,10,9,10,9,9,9,9
14280,0,0,0,0,0,0,0,0,0,0,0,0,0,0,0,0,0,0,0,0,0
14290,5,8,9,12,10,12,9,12,13,11,13,12,13,16,17,14,15,15,14,14,16
14300,0,0,0,0,0,0,0,0,0,0,0,0,0,0,0,0,0,0,0,0,0
14310,0,0,0,1,0,1,0,1,1,1,1,1,1,1,1,1,1,1,1,1,1
14320,2,3,3,5,3,5,4,5,5,4,5,4,4,6,6,4,5,5,5,4,5
14330,0,0,0,0,0,0,0,0,0,0,0,0,0,0,0,0,0,0,0,0,0
14340,0,1,1,1,1,1,1,1,1,1,1,1,1,1,1,1,1,1,1,1,1
14350,1,1,1,1,1,1,1,1,1,1,1,1,1,1,1,1,1,1,1,1,1
14360,0,0,0,0,0,0,0,0,0,0,0,0,0,0,0,0,0,0,0,0,0
14370,8,8,8,8,8,8,7,7,7,7,7,7,7,7,7,7,7,7,7,6,6
14380,13,16,20,30,20,28,20,29,28,25,28,25,26,36,36,27,33,32,33,28,31
14390,0,0,0,0,0,0,0,0,0,0,0,0,0,0,0,0,0,0,0,0,0
14400,0,0,0,1,0,1,0,1,1,1,1,1,1,1,1,1,1,1,1,1,1
14410,0,0,0,0,0,0,0,0,0,0,0,0,0,0,0,0,0,0,0,0,0
14420,34,34,33,33,32,32,31,30,30,30,31,31,29,30,30,30,29,28,26,27,27
14430,1,1,1,2,1,2,1,2,2,2,2,2,2,3,3,2,3,2,2,2,3
14440,0,0,0,0,0,1,0,1,1,0,1,0,1,1,1,1,1,1,1,1,1
14450,0,0,0,0,0,0,0,0,0,0,0,0,0,0,0,0,0,0,0,0,0
14460,1,2,2,2,2,3,2,3,3,2,3,2,3,3,4,3,3,3,3,3,3
14470,1,1,2,3,2,3,2,3,3,2,3,3,3,4,4,3,3,3,3,3,4
14480,0,0,0,0,0,0,0,0,0,0,0,0,0,0,0,0,0,0,0,0,0
14490,0,0,0,0,0,0,0,0,0,0,0,0,0,1,1,0,0,0,0,0,1
14500,0,0,0,0,0,0,0,0,0,0,0,0,0,0,0,0,0,0,0,0,0
14510,3,3,3,3,3,3,3,3,3,3,3,3,3,3,3,3,3,3,3,3,3
14520,6,6,6,6,6,6,6,5,5,5,6,5,5,5,5,5,5,5,5,5,5
14530,1,2,2,4,3,4,3,4,5,4,5,4,5,7,7,5,6,6,7,6,7
14540,0,0,0,0,0,0,0,0,0,0,0,0,0,1,1,0,1,1,1,0,1
14550,0,0,0,0,0,0,0,0,0,0,0,0,0,0,0,0,0,0,0,0,0
14560,6,7,9,12,10,12,9,12,13,11,13,12,13,16,17,13,15,14,14,13,15
14570,103,141,166,225,178,229,173,226,240,208,244,218,242,301,314,251,285,266,263,248,289
14580,287,379,421,544,450,552,436,542,571,508,585,529,573,697,731,602,668,623,598,581,665
14590,15,20,22,29,24,29,23,29,30,27,31,28,30,37,39,32,35,33,32,31,35
14600,3,5,5,7,6,7,6,7,8,7,8,7,8,10,10,8,9,9,8,8,9
14610,0,1,1,1,1,1,1,1,1,1,1,1,1,1,2,1,1,1,1,1,1
14620,0,0,0,0,0,0,0,0,0,0,0,0,0,0,0,0,0,0,0,0,0
14630,0,0,0,0,0,0,0,0,0,0,0,0,0,0,0,0,0,0,0,0,0
14640,1,1,1,1,1,1,1,1,1,1,1,1,1,2,2,1,1,1,1,1,1
14650,4,5,4,5,5,5,4,4,4,4,5,5,4,5,5,5,5,4,4,4,4
14660,9,12,13,16,14,17,13,16,17,15,18,16,17,20,21,18,20,19,18,17,20
14670,0,0,1,3,1,3,1,3,3,3,3,2,3,4,5,2,3,3,5,3,5
14680,0,1,1,2,1,2,1,2,2,2,2,2,2,3,3,2,3,3,3,2,3
14690,0,0,0,0,0,0,0,0,0,0,0,0,0,1,1,0,0,0,1,0,1
14700,3,3,3,3,3,3,3,2,3,3,3,3,2,3,3,3,3,2,2,2,2
14710,0,0,0,1,0,1,1,1,1,1,1,1,1,2,2,1,2,2,2,1,2
14720,1,1,1,1,1,1,1,1,1,1,1,1,1,1,1,1,1,1,1,1,1
14730,1,1,1,1,1,1,1,1,1,1,1,1,1,2,2,1,1,1,1,1,1
14740,0,0,0,0,0,0,0,0,0,0,0,0,0,0,0,0,0,0,0,0,0
14750,0,0,0,0,0,0,0,0,0,0,0,0,0,0,0,0,0,0,0,0,0
14760,5,5,5,5,5,5,5,5,5,5,5,5,5,5,5,5,5,5,4,5,5
14770,0,0,0,0,0,0,0,0,0,0,0,0,0,0,0,0,0,0,0,0,0
14780,1,1,1,1,1,1,1,1,1,1,1,1,1,1,1,1,1,1,1,1,1
14790,1,1,1,2,1,1,1,1,1,1,1,1,1,2,2,2,2,2,2,1,2
14800,0,0,0,0,0,0,0,0,0,0,0,0,0,0,0,0,0,0,0,0,0
14810,1,2,4,10,4,9,5,9,9,9,10,8,11,16,16,9,12,12,16,11,16
14820,0,0,0,1,1,1,1,1,1,1,1,1,1,2,2,1,2,2,2,1,2
14830,5,6,6,6,6,6,6,6,6,6,7,6,6,7,7,7,7,6,6,6,6
14840,2,2,2,3,2,3,2,3,3,3,3,3,3,4,4,3,4,3,3,3,3
14850,0,0,0,0,0,0,0,0,0,0,0,0,0,0,0,0,0,0,0,0,0
14860,1,1,1,2,2,2,2,2,2,2,2,2,2,2,2,2,2,2,2,2,2
14870,0,0,0,1,0,1,0,1,0,0,0,0,0,1,1,0,1,1,1,0,1
14880,0,0,0,0,0,0,0,0,0,0,0,0,0,0,0,0,0,0,0,0,0
14890,2,2,2,3,2,3,2,3,3,3,3,3,3,3,3,3,3,3,3,3,3
14900,2,2,2,2,2,2,2,2,2,2,2,2,2,2,2,2,2,2,1,1,1
14910,0,0,0,0,0,0,0,0,0,0,0,0,0,0,1,0,0,0,0,0,0
14920,0,0,0,1,0,1,0,1,1,0,1,0,1,1,1,1,1,1,1,1,1
14930,19,20,20,20,20,19,19,18,18,19,20,19,18,20,19,19,19,18,16,17,17
14940,1,1,1,1,1,1,1,1,1,1,1,1,1,1,1,1,1,1,1,1,1
14950,0,0,0,0,0,0,0,0,0,0,0,0,0,0,0,0,0,0,0,0,0
14960,1,1,1,1,1,1,1,1,1,1,1,1,1,1,1,1,1,1,1,1,1
14970,0,0,0,0,0,0,0,0,0,0,0,0,0,0,0,0,0,0,0,0,0
14980,0,0,0,1,1,1,1,1,1,1,1,1,1,1,1,1,1,1,1,1,1
14990,0,0,0,0,0,0,0,0,0,0,0,0,0,0,0,0,0,0,0,0,0
15000,1,2,2,3,2,3,2,3,3,3,3,3,3,4,4,3,4,4,4,3,4
15010,0,0,0,0,0,0,0,0,0,0,0,0,0,0,0,0,0,0,0,0,0
15020,3,4,4,6,5,6,4,6,6,5,6,6,6,8,8,6,7,7,6,6,7
15030,1,1,1,2,1,2,1,2,2,2,2,2,2,2,2,2,2,2,2,2,2
15040,2,2,2,3,2,3,3,3,3,3,3,3,3,4,4,3,4,3,3,3,3
15050,0,0,0,0,0,0,0,0,0,0,0,0,0,0,0,0,0,0,0,0,0
15060,0,0,0,0,0,0,0,0,0,0,0,0,0,0,0,0,0,0,0,0,0
15070,1,1,1,2,1,2,1,2,2,1,2,1,1,2,2,2,2,2,2,1,2
15080,2,2,2,2,2,2,2,2,2,2,2,2,2,2,2,2,2,2,2,2,2
15090,1,1,2,2,2,2,2,2,2,2,2,2,2,3,2,2,2,2,2,2,2
15100,14,15,14,15,15,14,14,14,14,14,14,14,13,14,14,14,14,13,12,12,12
15110,0,0,0,0,0,0,0,0,0,0,0,0,0,0,0,0,0,0,0,0,0
15120,0,0,0,0,0,0,0,0,0,0,0,0,0,0,0,0,0,0,0,0,0
15130,0,1,1,1,1,1,1,1,1,1,1,1,1,1,1,1,1,1,1,1,1
15140,0,0,0,1,0,0,0,0,1,0,0,0,1,1,1,0,1,1,1,1,1
15150,0,0,0,0,0,0,0,0,0,0,0,0,0,0,0,0,0,0,0,0,0
15160,26,26,28,30,27,28,26,27,27,27,27,27,25,30,30,28,29,25,25,24,26
15170,1,1,1,1,1,1,1,1,1,1,1,1,1,1,1,1,1,1,1,1,1
15180,4,4,4,4,4,4,4,4,4,4,4,4,3,4,4,3,3,3,3,3,3
15190,1,1,1,1,1,1,1,1,1,1,1,1,1,1,1,1,1,1,1,1,1
15200,5,5,6,9,6,8,6,8,8,7,8,7,7,10,10,8,9,8,9,7,8
15210,0,0,0,1,0,1,0,1,1,1,1,1,1,1,1,1,1,1,1,1,1
15220,0,0,0,0,0,0,0,0,0,0,0,0,0,0,0,0,0,0,0,0,0
15230,0,0,0,0,0,0,0,0,0,0,0,0,0,0,0,0,0,0,0,0,0
15240,0,0,0,0,0,0,0,0,0,0,0,0,0,0,0,0,0,0,0,0,0
15250,1,1,1,1,1,1,1,1,1,1,1,1,1,1,1,1,1,1,1,1,1
15260,0,0,0,0,0,0,0,0,0,0,0,0,0,0,0,0,0,0,0,0,0
15270,0,0,0,0,0,0,0,0,0,0,0,0,1,1,1,0,1,1,1,1,1
15280,0,0,0,0,0,0,0,0,0,0,0,0,0,0,0,0,0,0,0,0,0
15290,0,0,0,0,0,0,0,0,0,0,0,0,0,0,0,0,0,0,0,0,0
15300,6,6,7,9,7,9,7,9,9,8,9,9,9,11,12,9,11,10,9,9,11
15310,0,0,0,0,0,0,0,0,0,0,0,0,0,0,0,0,0,0,0,0,0
15320,1,1,1,1,1,1,1,1,1,1,1,1,1,1,2,1,1,1,1,1,1
15330,0,0,0,0,0,0,0,0,0,0,0,0,0,0,0,0,0,0,0,0,0
15340,0,0,0,0,0,0,0,0,0,0,0,0,0,0,0,0,0,0,0,0,0
15350,0,0,0,0,0,0,0,0,0,0,0,0,0,0,0,0,0,0,0,0,0
15360,30,30,33,42,34,38,33,39,37,35,37,35,34,45,44,37,41,37,39,34,37
15370,2,2,2,3,2,3,2,3,3,3,3,3,3,4,4,3,3,3,3,3,3
15380,0,0,0,0,0,0,0,0,0,0,0,0,0,0,0,0,0,0,0,0,0
15390,0,0,0,0,0,0,0,0,0,0,0,0,0,0,1,0,0,0,0,0,0
15400,0,0,0,0,0,0,0,0,0,0,0,0,0,0,0,0,0,0,0,0,0
15410,0,0,0,0,0,0,0,0,0,0,0,0,0,0,0,0,0,0,0,0,0
15420,0,0,0,0,0,0,0,0,0,0,0,0,0,0,0,0,0,0,0,0,0
15430,4,3,4,4,3,3,3,3,3,3,3,3,3,4,3,3,3,3,3,3,3
15440,0,0,0,0,0,0,0,0,0,0,0,0,0,0,0,0,0,0,0,0,0
15450,0,0,0,0,0,0,0,0,0,0,0,0,0,0,0,0,0,0,0,0,0
15460,0,0,0,0,0,0,0,0,0,0,0,0,0,0,0,0,0,0,0,0,0
15470,0,0,0,0,0,0,0,0,0,0,0,0,0,0,0,0,0,0,0,0,0
15480,0,0,0,1,0,0,0,0,0,0,0,0,0,1,1,0,1,0,0,0,1
15490,13,15,15,17,15,17,15,16,16,16,17,16,16,19,19,17,18,16,15,15,17
15500,1,1,1,1,1,1,1,1,1,1,1,1,1,1,1,1,1,1,1,1,1
15510,10,10,11,15,11,13,11,14,13,12,13,12,12,16,16,13,15,13,14,12,13
15520,0,0,1,1,1,1,1,1,1,1,1,1,1,1,1,1,1,1,1,1,1
15530,0,0,0,0,0,0,0,0,0,0,0,0,0,0,0,0,0,0,0,0,0
15540,18,20,22,29,22,28,22,28,27,25,27,26,27,34,35,27,32,29,28,27,31
15550,1,1,2,2,2,2,2,2,2,2,2,2,2,3,3,2,3,2,2,2,3
15560,0,0,0,1,0,0,0,0,0,0,0,0,1,1,1,0,1,1,1,0,1
15570,0,0,0,0,0,0,0,0,0,0,0,0,0,0,0,0,0,0,0,0,0
15580,10,10,9,10,9,9,9,9,9,9,9,9,8,9,9,8,8,8,8,8,8
15590,2,2,2,2,2,2,2,2,2,2,2,2,2,2,2,1,2,2,1,1,1
15600,4,4,5,6,5,6,4,6,6,5,6,6,6,7,8,6,7,6,6,6,7
15610,1,2,2,3,2,2,2,2,2,2,2,2,2,3,3,2,3,2,2,2,3
15620,1,1,1,1,1,1,1,1,1,1,1,1,1,2,2,1,1,1,1,1,1
15630,1,1,1,1,1,1,1,1,1,1,1,1,1,1,1,1,1,1,1,1,1
15640,1,1,2,2,2,2,2,2,2,2,2,2,2,3,3,2,3,2,3,2,3
15650,0,0,0,1,1,1,0,1,1,1,1,1,1,1,1,1,1,1,1,1,1
15660,1,1,1,1,1,1,1,1,1,1,1,1,1,1,1,1,1,1,1,1,1
15670,60,61,66,87,67,79,66,81,74,71,74,70,70,93,92,74,85,76,78,68,77
15680,0,0,0,0,0,0,0,0,0,0,0,0,0,0,1,0,0,0,0,0,0
15690,1,1,2,2,2,2,2,2,2,2,2,2,2,3,3,2,2,2,2,2,2
15700,0,0,0,0,0,0,0,0,0,0,0,0,0,0,0,0,0,0,0,0,0
15710,2,3,3,3,3,3,3,3,3,3,3,3,3,4,4,3,4,3,3,3,3
15720,3,3,3,4,3,4,3,4,4,4,4,4,4,5,5,4,5,4,4,4,5
15730,4,4,4,4,4,4,4,4,4,4,4,4,4,4,5,4,4,4,4,3,4
15740,0,0,0,0,0,0,0,0,0,0,0,0,0,0,0,0,0,0,0,0,0
15750,0,0,0,1,0,0,0,0,0,0,0,0,0,1,1,0,1,0,0,0,1
15760,0,0,0,0,0,0,0,0,0,0,0,0,0,0,0,0,0,0,0,0,0
15770,0,0,1,1,1,1,1,1,1,1,1,1,1,1,1,1,1,1,1,1,1
15780,0,0,0,0,0,0,0,0,0,0,0,0,0,1,1,0,1,0,0,0,1
15790,2,2,2,3,2,3,2,2,2,2,2,2,2,3,3,2,3,3,2,2,3
15800,0,0,0,0,0,0,0,0,0,0,0,0,0,0,0,0,0,0,0,0,0
15810,0,0,0,0,0,0,0,0,0,0,0,0,0,0,1,0,0,0,0,0,0
15820,1,1,1,1,1,1,1,1,1,1,1,1,1,1,1,1,1,1,1,1,1
15830,0,0,0,0,0,0,0,0,0,0,0,0,0,0,0,0,0,0,0,0,0
15840,1,1,1,2,1,2,1,2,2,1,2,2,2,2,2,2,2,2,2,2,2
15850,4,4,4,5,5,5,5,5,5,5,5,5,5,6,6,5,5,5,5,5,5
15860,1,1,1,1,1,1,1,1,1,1,1,1,1,1,1,1,1,1,1,1,1
15870,0,0,0,0,0,0,0,0,0,0,0,0,0,0,0,0,0,0,0,0,0
15880,1,1,1,1,1,1,1,1,1,1,1,1,1,1,1,1,1,1,1,1,1
