ID,수요량
TEST_0000,205
TEST_0001,48
TEST_0002,303
TEST_0003,217
TEST_0004,259
TEST_0005,201
TEST_0006,253
TEST_0007,630
TEST_0008,242
TEST_0009,390
TEST_0010,57
TEST_0011,18
TEST_0012,107
TEST_0013,287
TEST_0014,90
TEST_0015,45
TEST_0016,53
TEST_0017,269
TEST_0018,226
TEST_0019,44
TEST_0020,129
TEST_0021,42
TEST_0022,54
TEST_0023,0
TEST_0024,367
TEST_0025,35
TEST_0026,224
TEST_0027,605
TEST_0028,754
TEST_0029,359
TEST_0030,332
TEST_0031,350
TEST_0032,93
TEST_0033,175
TEST_0034,434
TEST_0035,1547
TEST_0036,693
TEST_0037,747
TEST_0038,123
TEST_0039,364
TEST_0040,123
TEST_0041,70
TEST_0042,430
TEST_0043,64
TEST_0044,985
TEST_0045,215
TEST_0046,773
TEST_0047,131
TEST_0048,199
TEST_0049,49
TEST_0050,89
TEST_0051,734
TEST_0052,-29
TEST_0053,247
TEST_0054,182
TEST_0055,817
TEST_0056,79
TEST_0057,123
TEST_0058,324
TEST_0059,1400
TEST_0060,379
TEST_0061,621
TEST_0062,81
TEST_0063,368
TEST_0064,342
TEST_0065,787
TEST_0066,213
TEST_0067,170
TEST_0068,629
TEST_0069,353
TEST_0070,337
TEST_0071,65
TEST_0072,88
TEST_0073,267
TEST_0074,-17
TEST_0075,294
TEST_0076,205
TEST_0077,255
TEST_0078,212
TEST_0079,400
TEST_0080,298
TEST_0081,886
TEST_0082,106
TEST_0083,497
TEST_0084,103
TEST_0085,-44
TEST_0086,214
TEST_0087,66
TEST_0088,72
TEST_0089,48
TEST_0090,39
TEST_0091,483
TEST_0092,480
TEST_0093,220
TEST_0094,251
TEST_0095,362
TEST_0096,486
TEST_0097,33
TEST_0098,268
TEST_0099,413
TEST_0100,13
TEST_0101,245
TEST_0102,34
TEST_0103,427
TEST_0104,62
TEST_0105,-8
TEST_0106,130
TEST_0107,418
TEST_0108,196
TEST_0109,165
TEST_0110,125
TEST_0111,95
TEST_0112,176
TEST_0113,423
TEST_0114,71
TEST_0115,576
TEST_0116,680
TEST_0117,48
TEST_0118,275
TEST_0119,277
TEST_0120,341
TEST_0121,102
TEST_0122,384
TEST_0123,107
TEST_0124,622
TEST_0125,61
TEST_0126,111
TEST_0127,146
TEST_0128,357
TEST_0129,436
TEST_0130,307
TEST_0131,45
TEST_0132,317
TEST_0133,284
TEST_0134,105
TEST_0135,748
TEST_0136,30
TEST_0137,-70
TEST_0138,56
TEST_0139,349
TEST_0140,637
TEST_0141,225
TEST_0142,776
TEST_0143,40
TEST_0144,371
TEST_0145,346
TEST_0146,16
TEST_0147,415
TEST_0148,460
TEST_0149,178
TEST_0150,41
TEST_0151,622
TEST_0152,23
TEST_0153,32
TEST_0154,80
TEST_0155,113
TEST_0156,-7
TEST_0157,71
TEST_0158,373
TEST_0159,86
TEST_0160,245
TEST_0161,127
TEST_0162,258
TEST_0163,74
TEST_0164,197
TEST_0165,79
TEST_0166,235
TEST_0167,40
TEST_0168,33
TEST_0169,244
TEST_0170,54
TEST_0171,1263
TEST_0172,176
TEST_0173,459
TEST_0174,375
TEST_0175,444
TEST_0176,537
TEST_0177,35
TEST_0178,76
TEST_0179,369
TEST_0180,159
TEST_0181,236
TEST_0182,551
TEST_0183,29
TEST_0184,308
TEST_0185,208
TEST_0186,586
TEST_0187,-52
TEST_0188,334
TEST_0189,130
TEST_0190,221
TEST_0191,25
TEST_0192,811
TEST_0193,47
TEST_0194,2463
TEST_0195,92
TEST_0196,-77
TEST_0197,26
TEST_0198,247
TEST_0199,281
TEST_0200,334
TEST_0201,26
TEST_0202,31
TEST_0203,176
TEST_0204,54
TEST_0205,191
TEST_0206,332
TEST_0207,124
TEST_0208,292
TEST_0209,60
TEST_0210,47
TEST_0211,143
TEST_0212,351
TEST_0213,382
TEST_0214,447
TEST_0215,40
TEST_0216,568
TEST_0217,6
TEST_0218,-51
TEST_0219,346
TEST_0220,662
TEST_0221,669
TEST_0222,174
TEST_0223,89
TEST_0224,166
TEST_0225,246
TEST_0226,119
TEST_0227,256
TEST_0228,-59
TEST_0229,438
TEST_0230,124
TEST_0231,557
TEST_0232,93
TEST_0233,359
TEST_0234,182
TEST_0235,328
TEST_0236,39
TEST_0237,90
TEST_0238,147
TEST_0239,62
TEST_0240,7
TEST_0241,97
TEST_0242,1501
TEST_0243,264
TEST_0244,439
TEST_0245,162
TEST_0246,77
TEST_0247,53
TEST_0248,110
TEST_0249,121
TEST_0250,-15
TEST_0251,296
TEST_0252,167
TEST_0253,82
TEST_0254,426
TEST_0255,679
TEST_0256,70
TEST_0257,1088
TEST_0258,101
TEST_0259,331
TEST_0260,50
TEST_0261,446
TEST_0262,755
TEST_0263,112
TEST_0264,152
TEST_0265,78
TEST_0266,530
TEST_0267,406
TEST_0268,30
TEST_0269,510
TEST_0270,432
TEST_0271,67
TEST_0272,58
TEST_0273,146
TEST_0274,116
TEST_0275,109
TEST_0276,170
TEST_0277,211
TEST_0278,68
TEST_0279,516
TEST_0280,84
TEST_0281,42
TEST_0282,193
TEST_0283,-184
TEST_0284,137
TEST_0285,52
TEST_0286,332
TEST_0287,25
TEST_0288,115
TEST_0289,92
TEST_0290,531
TEST_0291,-40
TEST_0292,271
TEST_0293,221
TEST_0294,22
TEST_0295,278
TEST_0296,-5
TEST_0297,102
TEST_0298,843
TEST_0299,185
TEST_0300,25
TEST_0301,148
TEST_0302,532
TEST_0303,200
TEST_0304,387
TEST_0305,268
TEST_0306,96
TEST_0307,2
TEST_0308,272
TEST_0309,432
TEST_0310,41
TEST_0311,40
TEST_0312,76
TEST_0313,308
TEST_0314,68
TEST_0315,-11
TEST_0316,236
TEST_0317,37
TEST_0318,369
TEST_0319,213
TEST_0320,61
TEST_0321,13
TEST_0322,312
TEST_0323,385
TEST_0324,88
TEST_0325,316
TEST_0326,1159
TEST_0327,460
TEST_0328,222
TEST_0329,0
TEST_0330,-23
TEST_0331,242
TEST_0332,211
TEST_0333,71
TEST_0334,98
TEST_0335,172
TEST_0336,735
TEST_0337,15
TEST_0338,254
TEST_0339,115
TEST_0340,62
TEST_0341,393
TEST_0342,293
TEST_0343,100
TEST_0344,81
TEST_0345,76
TEST_0346,239
TEST_0347,111
TEST_0348,367
TEST_0349,184
TEST_0350,404
TEST_0351,513
TEST_0352,72
TEST_0353,558
TEST_0354,66
TEST_0355,340
TEST_0356,2
TEST_0357,51
TEST_0358,334
TEST_0359,285
TEST_0360,41
TEST_0361,500
TEST_0362,109
TEST_0363,115
TEST_0364,306
TEST_0365,124
TEST_0366,63
TEST_0367,399
TEST_0368,305
TEST_0369,57
TEST_0370,47
TEST_0371,182
TEST_0372,232
TEST_0373,241
TEST_0374,226
TEST_0375,489
TEST_0376,60
TEST_0377,51
TEST_0378,92
TEST_0379,150
TEST_0380,-19
TEST_0381,93
TEST_0382,259
TEST_0383,29
TEST_0384,41
TEST_0385,114
TEST_0386,293
TEST_0387,127
TEST_0388,490
TEST_0389,21
TEST_0390,102
TEST_0391,55
TEST_0392,27
TEST_0393,254
TEST_0394,150
TEST_0395,214
TEST_0396,33
TEST_0397,425
TEST_0398,280
TEST_0399,280
TEST_0400,-14
TEST_0401,153
TEST_0402,-121
TEST_0403,46
TEST_0404,261
TEST_0405,97
TEST_0406,58
TEST_0407,-1
TEST_0408,123
TEST_0409,49
TEST_0410,48
TEST_0411,164
TEST_0412,274
TEST_0413,614
TEST_0414,4
TEST_0415,521
TEST_0416,276
TEST_0417,236
TEST_0418,55
TEST_0419,53
TEST_0420,64
TEST_0421,155
TEST_0422,775
TEST_0423,159
TEST_0424,813
TEST_0425,253
TEST_0426,-7
TEST_0427,827
TEST_0428,302
TEST_0429,120
TEST_0430,-7
TEST_0431,111
TEST_0432,234
TEST_0433,247
TEST_0434,631
TEST_0435,1023
TEST_0436,110
TEST_0437,319
TEST_0438,233
TEST_0439,411
TEST_0440,397
TEST_0441,133
TEST_0442,133
TEST_0443,65
TEST_0444,120
TEST_0445,-24
TEST_0446,37
TEST_0447,511
TEST_0448,64
TEST_0449,595
TEST_0450,321
TEST_0451,193
TEST_0452,238
TEST_0453,458
TEST_0454,132
TEST_0455,211
TEST_0456,449
TEST_0457,105
TEST_0458,721
TEST_0459,668
TEST_0460,1163
TEST_0461,402
TEST_0462,84
TEST_0463,152
TEST_0464,775
TEST_0465,20
TEST_0466,314
TEST_0467,609
TEST_0468,173
TEST_0469,1248
TEST_0470,287
TEST_0471,34
TEST_0472,426
TEST_0473,809
TEST_0474,1236
TEST_0475,390
TEST_0476,220
TEST_0477,494
TEST_0478,283
TEST_0479,802
TEST_0480,711
TEST_0481,145
TEST_0482,93
TEST_0483,485
TEST_0484,564
TEST_0485,112
TEST_0486,711
TEST_0487,70
TEST_0488,29
TEST_0489,86
TEST_0490,3
TEST_0491,-19
TEST_0492,23
TEST_0493,75
TEST_0494,320
TEST_0495,101
TEST_0496,-9
TEST_0497,64
TEST_0498,847
TEST_0499,63
TEST_0500,262
TEST_0501,276
TEST_0502,431
TEST_0503,63
TEST_0504,152
TEST_0505,301
TEST_0506,121
TEST_0507,31
TEST_0508,668
TEST_0509,449
TEST_0510,141
TEST_0511,-6
TEST_0512,208
TEST_0513,118
TEST_0514,66
TEST_0515,97
TEST_0516,25
TEST_0517,11
TEST_0518,168
TEST_0519,23
TEST_0520,796
TEST_0521,238
TEST_0522,226
TEST_0523,348
TEST_0524,329
TEST_0525,177
TEST_0526,468
TEST_0527,47
TEST_0528,192
TEST_0529,23
TEST_0530,190
TEST_0531,627
TEST_0532,166
TEST_0533,373
TEST_0534,635
TEST_0535,356
TEST_0536,302
TEST_0537,-155
TEST_0538,55
TEST_0539,204
TEST_0540,1109
TEST_0541,1409
TEST_0542,56
TEST_0543,-38
TEST_0544,1728
TEST_0545,79
TEST_0546,881
TEST_0547,38
TEST_0548,954
TEST_0549,201
TEST_0550,112
TEST_0551,304
TEST_0552,74
TEST_0553,400
TEST_0554,837
TEST_0555,96
TEST_0556,427
TEST_0557,405
TEST_0558,81
TEST_0559,107
TEST_0560,66
TEST_0561,288
TEST_0562,217
TEST_0563,1126
TEST_0564,38
TEST_0565,13
TEST_0566,582
TEST_0567,544
TEST_0568,65
TEST_0569,753
TEST_0570,1016
TEST_0571,335
TEST_0572,59
TEST_0573,625
TEST_0574,213
TEST_0575,922
TEST_0576,487
TEST_0577,47
TEST_0578,43
TEST_0579,494
TEST_0580,39
TEST_0581,-36
TEST_0582,13
TEST_0583,106
TEST_0584,206
TEST_0585,100
TEST_0586,87
TEST_0587,152
TEST_0588,230
TEST_0589,467
TEST_0590,558
TEST_0591,139
TEST_0592,59
TEST_0593,153
TEST_0594,58
TEST_0595,182
TEST_0596,179
TEST_0597,136
TEST_0598,63
TEST_0599,168
TEST_0600,135
TEST_0601,270
TEST_0602,117
TEST_0603,92
TEST_0604,418
TEST_0605,60
TEST_0606,1192
TEST_0607,1043
TEST_0608,344
TEST_0609,444
TEST_0610,-1
TEST_0611,32
TEST_0612,73
TEST_0613,58
TEST_0614,361
TEST_0615,43
TEST_0616,70
TEST_0617,22
TEST_0618,371
TEST_0619,66
TEST_0620,104
TEST_0621,141
TEST_0622,339
TEST_0623,206
TEST_0624,327
TEST_0625,48
TEST_0626,331
TEST_0627,461
TEST_0628,424
TEST_0629,711
TEST_0630,232
TEST_0631,312
TEST_0632,209
TEST_0633,-14
TEST_0634,41
TEST_0635,263
TEST_0636,180
TEST_0637,65
TEST_0638,214
TEST_0639,332
TEST_0640,232
TEST_0641,128
TEST_0642,281
TEST_0643,961
TEST_0644,88
TEST_0645,158
TEST_0646,14
TEST_0647,20
TEST_0648,95
TEST_0649,543
TEST_0650,952
TEST_0651,133
TEST_0652,356
TEST_0653,216
TEST_0654,531
TEST_0655,505
TEST_0656,786
TEST_0657,29
TEST_0658,-48
TEST_0659,605
TEST_0660,719
TEST_0661,190
TEST_0662,1234
TEST_0663,116
TEST_0664,273
TEST_0665,139
TEST_0666,139
TEST_0667,82
TEST_0668,351
TEST_0669,776
TEST_0670,417
TEST_0671,324
TEST_0672,169
TEST_0673,339
TEST_0674,764
TEST_0675,448
TEST_0676,22
TEST_0677,152
TEST_0678,216
TEST_0679,70
TEST_0680,911
TEST_0681,311
TEST_0682,247
TEST_0683,1099
TEST_0684,65
TEST_0685,263
TEST_0686,108
TEST_0687,104
TEST_0688,142
TEST_0689,74
TEST_0690,5
TEST_0691,30
TEST_0692,917
TEST_0693,118
TEST_0694,207
TEST_0695,48
TEST_0696,388
TEST_0697,273
TEST_0698,349
TEST_0699,403
TEST_0700,134
TEST_0701,41
TEST_0702,13
TEST_0703,-77
TEST_0704,41
TEST_0705,131
TEST_0706,61
TEST_0707,453
TEST_0708,248
TEST_0709,250
TEST_0710,119
TEST_0711,2115
TEST_0712,190
TEST_0713,603
TEST_0714,280
TEST_0715,62
TEST_0716,13
TEST_0717,226
TEST_0718,332
TEST_0719,1660
TEST_0720,181
TEST_0721,208
TEST_0722,112
TEST_0723,8
TEST_0724,200
TEST_0725,105
TEST_0726,445
TEST_0727,1027
TEST_0728,20
TEST_0729,92
TEST_0730,134
TEST_0731,362
TEST_0732,548
TEST_0733,89
TEST_0734,494
TEST_0735,138
TEST_0736,415
TEST_0737,319
TEST_0738,1225
TEST_0739,403
TEST_0740,408
TEST_0741,66
TEST_0742,39
TEST_0743,79
TEST_0744,179
TEST_0745,439
TEST_0746,68
TEST_0747,851
TEST_0748,257
TEST_0749,316
TEST_0750,198
TEST_0751,293
TEST_0752,1119
TEST_0753,62
TEST_0754,56
TEST_0755,364
TEST_0756,518
TEST_0757,289
TEST_0758,189
TEST_0759,-44
TEST_0760,315
TEST_0761,-17
TEST_0762,497
TEST_0763,148
TEST_0764,645
TEST_0765,179
TEST_0766,1037
TEST_0767,321
TEST_0768,237
TEST_0769,213
TEST_0770,237
TEST_0771,-57
TEST_0772,66
TEST_0773,111
TEST_0774,267
TEST_0775,170
TEST_0776,452
TEST_0777,207
TEST_0778,571
TEST_0779,133
TEST_0780,-9
TEST_0781,567
TEST_0782,187
TEST_0783,364
TEST_0784,196
TEST_0785,33
TEST_0786,25
TEST_0787,54
TEST_0788,173
TEST_0789,294
TEST_0790,233
TEST_0791,136
TEST_0792,764
TEST_0793,47
TEST_0794,171
TEST_0795,268
TEST_0796,14
TEST_0797,109
TEST_0798,79
TEST_0799,153
TEST_0800,62
TEST_0801,96
TEST_0802,339
TEST_0803,72
TEST_0804,448
TEST_0805,-10
TEST_0806,52
TEST_0807,903
TEST_0808,1297
TEST_0809,32
TEST_0810,280
TEST_0811,59
TEST_0812,92
TEST_0813,209
TEST_0814,78
TEST_0815,19
TEST_0816,265
TEST_0817,92
TEST_0818,137
TEST_0819,-31
TEST_0820,639
TEST_0821,39
TEST_0822,153
TEST_0823,-17
TEST_0824,34
TEST_0825,33
TEST_0826,512
TEST_0827,92
TEST_0828,59
TEST_0829,510
TEST_0830,1076
TEST_0831,183
TEST_0832,29
TEST_0833,250
TEST_0834,36
TEST_0835,199
TEST_0836,541
TEST_0837,4
TEST_0838,-19
TEST_0839,240
TEST_0840,86
TEST_0841,411
TEST_0842,99
TEST_0843,436
TEST_0844,18
TEST_0845,160
TEST_0846,666
TEST_0847,204
TEST_0848,137
TEST_0849,29
TEST_0850,21
TEST_0851,107
TEST_0852,57
TEST_0853,315
TEST_0854,170
TEST_0855,499
TEST_0856,-2
TEST_0857,402
TEST_0858,700
TEST_0859,-48
TEST_0860,79
TEST_0861,321
TEST_0862,529
TEST_0863,32
TEST_0864,687
TEST_0865,116
TEST_0866,188
TEST_0867,100
TEST_0868,85
TEST_0869,429
TEST_0870,21
TEST_0871,346
TEST_0872,239
TEST_0873,8
TEST_0874,422
TEST_0875,231
TEST_0876,314
TEST_0877,609
TEST_0878,12
TEST_0879,471
TEST_0880,251
TEST_0881,11
TEST_0882,259
TEST_0883,321
TEST_0884,95
TEST_0885,12
TEST_0886,120
TEST_0887,201
TEST_0888,49
TEST_0889,6
TEST_0890,47
TEST_0891,252
TEST_0892,623
TEST_0893,-49
TEST_0894,54
TEST_0895,135
TEST_0896,205
TEST_0897,224
TEST_0898,27
TEST_0899,519
TEST_0900,43
TEST_0901,210
TEST_0902,78
TEST_0903,314
TEST_0904,95
TEST_0905,57
TEST_0906,759
TEST_0907,356
TEST_0908,475
TEST_0909,34
TEST_0910,584
TEST_0911,14
TEST_0912,823
TEST_0913,152
TEST_0914,145
TEST_0915,99
TEST_0916,78
TEST_0917,28
TEST_0918,571
TEST_0919,408
TEST_0920,156
TEST_0921,133
TEST_0922,240
TEST_0923,446
TEST_0924,77
TEST_0925,1113
TEST_0926,124
TEST_0927,282
TEST_0928,867
TEST_0929,263
TEST_0930,350
TEST_0931,42
TEST_0932,49
TEST_0933,2
TEST_0934,5
TEST_0935,-57
TEST_0936,79
TEST_0937,520
TEST_0938,27
TEST_0939,74
TEST_0940,535
TEST_0941,100
TEST_0942,10
TEST_0943,1354
TEST_0944,213
TEST_0945,105
TEST_0946,-1
TEST_0947,72
TEST_0948,745
TEST_0949,310
TEST_0950,244
TEST_0951,99
TEST_0952,292
TEST_0953,550
TEST_0954,787
TEST_0955,117
TEST_0956,330
TEST_0957,594
TEST_0958,236
TEST_0959,144
TEST_0960,1824
TEST_0961,424
TEST_0962,37
TEST_0963,990
TEST_0964,136
TEST_0965,590
TEST_0966,343
TEST_0967,913
TEST_0968,177
TEST_0969,42
TEST_0970,61
TEST_0971,533
TEST_0972,239
TEST_0973,90
TEST_0974,390
TEST_0975,249
TEST_0976,469
TEST_0977,490
TEST_0978,159
TEST_0979,79
TEST_0980,377
TEST_0981,390
TEST_0982,41
TEST_0983,311
TEST_0984,162
TEST_0985,76
TEST_0986,87
TEST_0987,138
TEST_0988,155
TEST_0989,697
TEST_0990,1343
TEST_0991,173
TEST_0992,128
TEST_0993,186
TEST_0994,166
TEST_0995,269
TEST_0996,54
TEST_0997,439
TEST_0998,198
TEST_0999,43
TEST_1000,111
TEST_1001,223
TEST_1002,506
TEST_1003,692
TEST_1004,119
TEST_1005,111
TEST_1006,346
TEST_1007,182
TEST_1008,3
TEST_1009,-9
TEST_1010,46
TEST_1011,60
TEST_1012,33
TEST_1013,811
TEST_1014,122
TEST_1015,453
TEST_1016,266
TEST_1017,320
TEST_1018,416
TEST_1019,-39
TEST_1020,24
TEST_1021,1032
TEST_1022,223
TEST_1023,102
TEST_1024,115
TEST_1025,34
TEST_1026,65
TEST_1027,-23
TEST_1028,323
TEST_1029,102
TEST_1030,286
TEST_1031,199
TEST_1032,428
TEST_1033,282
TEST_1034,-11
TEST_1035,571
TEST_1036,151
TEST_1037,70
TEST_1038,130
TEST_1039,427
TEST_1040,78
TEST_1041,554
TEST_1042,190
TEST_1043,46
TEST_1044,1566
TEST_1045,107
TEST_1046,145
TEST_1047,473
TEST_1048,346
TEST_1049,30
TEST_1050,888
TEST_1051,257
TEST_1052,360
TEST_1053,63
TEST_1054,95
TEST_1055,0
TEST_1056,10
TEST_1057,115
TEST_1058,156
TEST_1059,0
TEST_1060,700
TEST_1061,217
TEST_1062,276
TEST_1063,1676
TEST_1064,-68
TEST_1065,91
TEST_1066,92
TEST_1067,212
TEST_1068,775
TEST_1069,144
TEST_1070,442
TEST_1071,576
TEST_1072,38
TEST_1073,329
TEST_1074,112
TEST_1075,785
TEST_1076,137
TEST_1077,42
TEST_1078,198
TEST_1079,-28
TEST_1080,19
TEST_1081,148
TEST_1082,51
TEST_1083,18
TEST_1084,109
TEST_1085,8
TEST_1086,601
TEST_1087,576
TEST_1088,36
TEST_1089,361
TEST_1090,51
TEST_1091,33
TEST_1092,590
TEST_1093,304
TEST_1094,306
TEST_1095,105
TEST_1096,45
TEST_1097,808
TEST_1098,537
TEST_1099,75
TEST_1100,441
TEST_1101,447
TEST_1102,38
TEST_1103,187
TEST_1104,135
TEST_1105,56
TEST_1106,729
TEST_1107,552
TEST_1108,124
TEST_1109,555
TEST_1110,427
TEST_1111,466
TEST_1112,68
TEST_1113,188
TEST_1114,-56
TEST_1115,278
TEST_1116,232
TEST_1117,304
TEST_1118,61
TEST_1119,50
TEST_1120,135
TEST_1121,89
TEST_1122,49
TEST_1123,646
TEST_1124,81
TEST_1125,485
TEST_1126,12
TEST_1127,0
TEST_1128,117
TEST_1129,453
TEST_1130,23
TEST_1131,40
TEST_1132,0
TEST_1133,200
TEST_1134,335
TEST_1135,80
TEST_1136,497
TEST_1137,1
TEST_1138,-8
TEST_1139,312
TEST_1140,-17
TEST_1141,170
TEST_1142,269
TEST_1143,111
TEST_1144,414
TEST_1145,263
TEST_1146,68
TEST_1147,183
TEST_1148,793
TEST_1149,58
TEST_1150,305
TEST_1151,129
TEST_1152,187
TEST_1153,77
TEST_1154,71
TEST_1155,567
TEST_1156,119
TEST_1157,204
TEST_1158,351
TEST_1159,1
TEST_1160,219
TEST_1161,-32
TEST_1162,226
TEST_1163,318
TEST_1164,160
TEST_1165,5
TEST_1166,39
TEST_1167,83
TEST_1168,159
TEST_1169,737
TEST_1170,465
TEST_1171,166
TEST_1172,57
TEST_1173,303
TEST_1174,555
TEST_1175,127
TEST_1176,21
TEST_1177,80
TEST_1178,62
TEST_1179,90
TEST_1180,421
TEST_1181,283
TEST_1182,335
TEST_1183,67
TEST_1184,195
TEST_1185,35
TEST_1186,330
TEST_1187,126
TEST_1188,86
TEST_1189,302
TEST_1190,21
TEST_1191,1161
TEST_1192,139
TEST_1193,324
TEST_1194,315
TEST_1195,538
TEST_1196,363
TEST_1197,240
TEST_1198,64
TEST_1199,472
TEST_1200,72
TEST_1201,205
TEST_1202,553
TEST_1203,45
TEST_1204,-45
TEST_1205,429
TEST_1206,24
TEST_1207,179
TEST_1208,151
TEST_1209,784
TEST_1210,66
TEST_1211,290
TEST_1212,300
TEST_1213,125
TEST_1214,324
TEST_1215,754
TEST_1216,114
TEST_1217,372
TEST_1218,198
TEST_1219,187
TEST_1220,45
TEST_1221,136
TEST_1222,385
TEST_1223,219
TEST_1224,105
TEST_1225,82
TEST_1226,300
TEST_1227,130
TEST_1228,151
TEST_1229,117
TEST_1230,311
TEST_1231,121
TEST_1232,83
TEST_1233,320
TEST_1234,817
TEST_1235,81
TEST_1236,227
TEST_1237,383
TEST_1238,247
TEST_1239,78
TEST_1240,252
TEST_1241,306
TEST_1242,19
TEST_1243,321
TEST_1244,797
TEST_1245,371
TEST_1246,117
TEST_1247,360
TEST_1248,-33
TEST_1249,112
TEST_1250,1099
TEST_1251,308
TEST_1252,404
TEST_1253,50
TEST_1254,440
TEST_1255,179
TEST_1256,186
TEST_1257,-41
TEST_1258,75
TEST_1259,640
TEST_1260,262
TEST_1261,77
TEST_1262,318
TEST_1263,42
TEST_1264,85
TEST_1265,95
TEST_1266,128
TEST_1267,25
TEST_1268,470
TEST_1269,485
TEST_1270,360
TEST_1271,1538
TEST_1272,176
TEST_1273,101
TEST_1274,-19
TEST_1275,37
TEST_1276,157
TEST_1277,24
TEST_1278,395
TEST_1279,361
TEST_1280,21
TEST_1281,53
TEST_1282,93
TEST_1283,336
TEST_1284,216
TEST_1285,1743
TEST_1286,451
TEST_1287,87
TEST_1288,181
TEST_1289,385
TEST_1290,64
TEST_1291,410
TEST_1292,155
TEST_1293,904
TEST_1294,328
TEST_1295,863
TEST_1296,64
TEST_1297,52
TEST_1298,1103
TEST_1299,416
TEST_1300,13
TEST_1301,274
TEST_1302,278
TEST_1303,576
TEST_1304,69
TEST_1305,298
TEST_1306,134
TEST_1307,555
TEST_1308,454
TEST_1309,128
TEST_1310,115
TEST_1311,247
TEST_1312,1609
TEST_1313,321
TEST_1314,250
TEST_1315,422
TEST_1316,133
TEST_1317,34
TEST_1318,284
TEST_1319,121
TEST_1320,197
TEST_1321,100
TEST_1322,597
TEST_1323,97
TEST_1324,-22
TEST_1325,33
TEST_1326,173
TEST_1327,441
TEST_1328,107
TEST_1329,473
TEST_1330,69
TEST_1331,-18
TEST_1332,613
TEST_1333,38
TEST_1334,282
TEST_1335,348
TEST_1336,387
TEST_1337,15
TEST_1338,6
TEST_1339,236
TEST_1340,464
TEST_1341,222
TEST_1342,598
TEST_1343,73
TEST_1344,27
TEST_1345,142
TEST_1346,251
TEST_1347,237
TEST_1348,240
TEST_1349,284
TEST_1350,176
TEST_1351,37
TEST_1352,219
TEST_1353,24
TEST_1354,22
TEST_1355,316
TEST_1356,446
TEST_1357,15
TEST_1358,493
TEST_1359,532
TEST_1360,752
TEST_1361,241
TEST_1362,83
TEST_1363,24
TEST_1364,78
TEST_1365,598
TEST_1366,492
TEST_1367,327
TEST_1368,348
TEST_1369,586
TEST_1370,19
TEST_1371,632
TEST_1372,71
TEST_1373,13
TEST_1374,1045
TEST_1375,17
TEST_1376,38
TEST_1377,40
TEST_1378,55
TEST_1379,19
TEST_1380,145
TEST_1381,12
TEST_1382,42
TEST_1383,365
TEST_1384,60
TEST_1385,11
TEST_1386,993
TEST_1387,33
TEST_1388,123
TEST_1389,467
TEST_1390,37
TEST_1391,108
TEST_1392,332
TEST_1393,431
TEST_1394,-28
TEST_1395,76
TEST_1396,106
TEST_1397,94
TEST_1398,147
TEST_1399,279
TEST_1400,15
TEST_1401,-48
TEST_1402,367
TEST_1403,363
TEST_1404,62
TEST_1405,257
TEST_1406,141
TEST_1407,344
TEST_1408,716
TEST_1409,815
TEST_1410,298
TEST_1411,141
TEST_1412,323
TEST_1413,5
TEST_1414,41
TEST_1415,37
TEST_1416,-73
TEST_1417,254
TEST_1418,322
TEST_1419,214
TEST_1420,267
TEST_1421,80
TEST_1422,504
TEST_1423,367
TEST_1424,121
TEST_1425,511
TEST_1426,52
TEST_1427,40
TEST_1428,442
TEST_1429,251
TEST_1430,229
TEST_1431,378
TEST_1432,334
TEST_1433,229
TEST_1434,308
TEST_1435,104
TEST_1436,35
TEST_1437,387
TEST_1438,284
TEST_1439,373
TEST_1440,75
TEST_1441,188
TEST_1442,57
TEST_1443,123
TEST_1444,890
TEST_1445,27
TEST_1446,96
TEST_1447,56
TEST_1448,132
TEST_1449,630
TEST_1450,430
TEST_1451,563
TEST_1452,294
TEST_1453,51
TEST_1454,186
TEST_1455,203
TEST_1456,129
TEST_1457,318
TEST_1458,-118
TEST_1459,44
TEST_1460,262
TEST_1461,545
TEST_1462,938
TEST_1463,326
TEST_1464,42
TEST_1465,23
TEST_1466,152
TEST_1467,-38
TEST_1468,24
TEST_1469,97
TEST_1470,182
TEST_1471,112
TEST_1472,169
TEST_1473,114
TEST_1474,84
TEST_1475,356
TEST_1476,80
TEST_1477,643
TEST_1478,201
TEST_1479,219
TEST_1480,15
TEST_1481,9
TEST_1482,-6
TEST_1483,649
TEST_1484,38
TEST_1485,459
TEST_1486,103
TEST_1487,563
TEST_1488,143
TEST_1489,95
TEST_1490,45
TEST_1491,127
TEST_1492,308
TEST_1493,59
TEST_1494,115
TEST_1495,163
TEST_1496,169
TEST_1497,229
TEST_1498,436
TEST_1499,382
TEST_1500,156
TEST_1501,35
TEST_1502,116
TEST_1503,885
TEST_1504,239
TEST_1505,-7
TEST_1506,1144
TEST_1507,1865
TEST_1508,203
TEST_1509,157
TEST_1510,64
TEST_1511,105
TEST_1512,124
TEST_1513,34
TEST_1514,101
TEST_1515,416
TEST_1516,92
TEST_1517,-38
TEST_1518,115
TEST_1519,224
TEST_1520,717
TEST_1521,328
TEST_1522,330
TEST_1523,11
TEST_1524,972
TEST_1525,151
TEST_1526,337
TEST_1527,275
TEST_1528,301
TEST_1529,76
TEST_1530,41
TEST_1531,63
TEST_1532,135
TEST_1533,232
TEST_1534,105
TEST_1535,213
TEST_1536,9
TEST_1537,15
TEST_1538,23
TEST_1539,76
TEST_1540,763
TEST_1541,254
TEST_1542,200
TEST_1543,-8
TEST_1544,90
TEST_1545,96
TEST_1546,615
TEST_1547,50
TEST_1548,1105
TEST_1549,36
TEST_1550,31
TEST_1551,565
TEST_1552,579
TEST_1553,58
TEST_1554,557
TEST_1555,111
TEST_1556,-19
TEST_1557,44
TEST_1558,484
TEST_1559,150
TEST_1560,624
TEST_1561,188
TEST_1562,175
TEST_1563,51
TEST_1564,2
TEST_1565,529
TEST_1566,610
TEST_1567,170
TEST_1568,63
TEST_1569,145
TEST_1570,149
TEST_1571,32
TEST_1572,10
TEST_1573,78
TEST_1574,514
TEST_1575,25
TEST_1576,19
TEST_1577,564
TEST_1578,310
TEST_1579,110
TEST_1580,739
TEST_1581,117
TEST_1582,110
TEST_1583,380
TEST_1584,67
TEST_1585,74
TEST_1586,36
TEST_1587,231
TEST_1588,38
TEST_1589,509
TEST_1590,278
TEST_1591,107
TEST_1592,71
TEST_1593,458
TEST_1594,378
TEST_1595,388
TEST_1596,556
TEST_1597,109
TEST_1598,-18
TEST_1599,80
TEST_1600,132
TEST_1601,192
TEST_1602,545
TEST_1603,332
TEST_1604,497
TEST_1605,78
TEST_1606,573
TEST_1607,89
TEST_1608,54
TEST_1609,96
TEST_1610,39
TEST_1611,141
TEST_1612,348
TEST_1613,25
TEST_1614,871
TEST_1615,146
TEST_1616,418
TEST_1617,324
TEST_1618,256
TEST_1619,218
TEST_1620,53
TEST_1621,30
TEST_1622,464
TEST_1623,17
TEST_1624,453
TEST_1625,89
TEST_1626,130
TEST_1627,168
TEST_1628,79
TEST_1629,498
TEST_1630,632
TEST_1631,15
TEST_1632,307
TEST_1633,160
TEST_1634,113
TEST_1635,672
TEST_1636,79
TEST_1637,255
TEST_1638,50
TEST_1639,279
TEST_1640,76
TEST_1641,433
TEST_1642,278
TEST_1643,74
TEST_1644,142
TEST_1645,114
TEST_1646,169
TEST_1647,605
TEST_1648,321
TEST_1649,225
TEST_1650,-73
TEST_1651,82
TEST_1652,279
TEST_1653,233
TEST_1654,104
TEST_1655,35
TEST_1656,72
TEST_1657,12
TEST_1658,271
TEST_1659,434
TEST_1660,460
TEST_1661,174
TEST_1662,152
TEST_1663,66
TEST_1664,171
TEST_1665,212
TEST_1666,170
TEST_1667,172
TEST_1668,1296
TEST_1669,493
TEST_1670,355
TEST_1671,232
TEST_1672,-58
TEST_1673,240
TEST_1674,59
TEST_1675,411
TEST_1676,462
TEST_1677,31
TEST_1678,10
TEST_1679,132
TEST_1680,160
TEST_1681,99
TEST_1682,462
TEST_1683,321
TEST_1684,-36
TEST_1685,100
TEST_1686,-19
TEST_1687,-9
TEST_1688,194
TEST_1689,130
TEST_1690,194
TEST_1691,35
TEST_1692,68
TEST_1693,59
TEST_1694,507
TEST_1695,243
TEST_1696,554
TEST_1697,10
TEST_1698,181
TEST_1699,-45
TEST_1700,961
TEST_1701,37
TEST_1702,151
TEST_1703,177
TEST_1704,465
TEST_1705,4
TEST_1706,83
TEST_1707,350
TEST_1708,1098
TEST_1709,-12
TEST_1710,427
TEST_1711,197
TEST_1712,283
TEST_1713,593
TEST_1714,59
TEST_1715,360
TEST_1716,201
TEST_1717,621
TEST_1718,54
TEST_1719,369
TEST_1720,325
TEST_1721,70
TEST_1722,-6
TEST_1723,558
TEST_1724,92
TEST_1725,8
TEST_1726,911
TEST_1727,14
TEST_1728,116
TEST_1729,31
TEST_1730,511
TEST_1731,3625
TEST_1732,46
TEST_1733,62
TEST_1734,746
TEST_1735,156
TEST_1736,21
TEST_1737,467
TEST_1738,557
TEST_1739,87
TEST_1740,998
TEST_1741,55
TEST_1742,139
TEST_1743,5
TEST_1744,286
TEST_1745,64
TEST_1746,96
TEST_1747,23
TEST_1748,145
TEST_1749,338
TEST_1750,34
TEST_1751,606
TEST_1752,104
TEST_1753,459
TEST_1754,53
TEST_1755,325
TEST_1756,65
TEST_1757,18
TEST_1758,234
TEST_1759,102
TEST_1760,186
TEST_1761,1
TEST_1762,336
TEST_1763,8
TEST_1764,627
TEST_1765,77
TEST_1766,200
TEST_1767,398
TEST_1768,161
TEST_1769,232
TEST_1770,28
TEST_1771,69
TEST_1772,447
TEST_1773,71
TEST_1774,91
TEST_1775,27
TEST_1776,18
TEST_1777,138
TEST_1778,236
TEST_1779,-21
TEST_1780,438
TEST_1781,159
TEST_1782,304
TEST_1783,151
TEST_1784,106
TEST_1785,1403
TEST_1786,82
TEST_1787,83
TEST_1788,-37
TEST_1789,44
TEST_1790,203
TEST_1791,7
TEST_1792,196
TEST_1793,430
TEST_1794,73
TEST_1795,378
TEST_1796,353
TEST_1797,35
TEST_1798,254
TEST_1799,32
TEST_1800,120
TEST_1801,541
TEST_1802,1444
TEST_1803,50
TEST_1804,294
TEST_1805,121
TEST_1806,67
TEST_1807,284
TEST_1808,114
TEST_1809,116
TEST_1810,491
TEST_1811,98
TEST_1812,347
TEST_1813,110
TEST_1814,3443
TEST_1815,413
TEST_1816,89
TEST_1817,498
TEST_1818,146
TEST_1819,469
TEST_1820,164
TEST_1821,668
TEST_1822,82
TEST_1823,49
TEST_1824,38
TEST_1825,-7
TEST_1826,267
TEST_1827,1935
TEST_1828,522
TEST_1829,27
TEST_1830,458
TEST_1831,0
TEST_1832,537
TEST_1833,136
TEST_1834,-19
TEST_1835,445
TEST_1836,115
TEST_1837,77
TEST_1838,143
TEST_1839,1098
TEST_1840,407
TEST_1841,463
TEST_1842,458
TEST_1843,256
TEST_1844,86
TEST_1845,46
TEST_1846,171
TEST_1847,717
TEST_1848,226
TEST_1849,86
TEST_1850,-1
TEST_1851,152
TEST_1852,367
TEST_1853,125
TEST_1854,559
TEST_1855,495
TEST_1856,53
TEST_1857,86
TEST_1858,65
TEST_1859,176
TEST_1860,107
TEST_1861,571
TEST_1862,391
TEST_1863,129
TEST_1864,186
TEST_1865,140
TEST_1866,21
TEST_1867,315
TEST_1868,808
TEST_1869,20
TEST_1870,506
TEST_1871,250
TEST_1872,97
TEST_1873,-8
TEST_1874,200
TEST_1875,246
TEST_1876,30
TEST_1877,180
TEST_1878,322
TEST_1879,104
TEST_1880,106
TEST_1881,987
TEST_1882,253
TEST_1883,233
TEST_1884,243
TEST_1885,160
TEST_1886,68
TEST_1887,105
TEST_1888,94
TEST_1889,149
TEST_1890,998
TEST_1891,444
TEST_1892,82
TEST_1893,85
TEST_1894,219
TEST_1895,351
TEST_1896,331
TEST_1897,-58
TEST_1898,217
TEST_1899,110
TEST_1900,115
TEST_1901,199
TEST_1902,477
TEST_1903,353
TEST_1904,372
TEST_1905,80
TEST_1906,-61
TEST_1907,148
TEST_1908,45
TEST_1909,69
TEST_1910,275
TEST_1911,37
TEST_1912,139
TEST_1913,383
TEST_1914,191
TEST_1915,176
TEST_1916,-31
TEST_1917,-4
TEST_1918,269
TEST_1919,97
TEST_1920,170
TEST_1921,207
TEST_1922,339
TEST_1923,229
TEST_1924,350
TEST_1925,6
TEST_1926,194
TEST_1927,54
TEST_1928,170
TEST_1929,13
TEST_1930,405
TEST_1931,155
TEST_1932,492
TEST_1933,363
TEST_1934,210
TEST_1935,273
TEST_1936,709
TEST_1937,237
TEST_1938,293
TEST_1939,283
TEST_1940,72
TEST_1941,-2
TEST_1942,35
TEST_1943,61
TEST_1944,1147
TEST_1945,175
TEST_1946,28
TEST_1947,167
TEST_1948,363
TEST_1949,197
TEST_1950,333
TEST_1951,122
TEST_1952,166
TEST_1953,210
TEST_1954,77
TEST_1955,98
TEST_1956,828
TEST_1957,70
TEST_1958,904
TEST_1959,86
TEST_1960,79
TEST_1961,1125
TEST_1962,101
TEST_1963,203
TEST_1964,33
TEST_1965,87
TEST_1966,44
TEST_1967,468
TEST_1968,283
TEST_1969,119
TEST_1970,140
TEST_1971,-24
TEST_1972,210
TEST_1973,169
TEST_1974,25
TEST_1975,146
TEST_1976,1222
TEST_1977,291
TEST_1978,100
TEST_1979,221
TEST_1980,178
TEST_1981,80
TEST_1982,38
TEST_1983,317
TEST_1984,313
TEST_1985,25
TEST_1986,145
TEST_1987,104
TEST_1988,103
TEST_1989,248
TEST_1990,344
TEST_1991,582
TEST_1992,723
TEST_1993,101
TEST_1994,114
TEST_1995,-9
TEST_1996,415
TEST_1997,76
TEST_1998,122
TEST_1999,98
TEST_2000,35
TEST_2001,127
TEST_2002,454
TEST_2003,-45
TEST_2004,37
TEST_2005,297
TEST_2006,61
TEST_2007,387
TEST_2008,750
TEST_2009,371
TEST_2010,-46
TEST_2011,198
TEST_2012,490
TEST_2013,650
TEST_2014,297
TEST_2015,187
TEST_2016,348
TEST_2017,298
TEST_2018,37
TEST_2019,484
TEST_2020,68
TEST_2021,89
TEST_2022,127
TEST_2023,9
TEST_2024,580
TEST_2025,385
TEST_2026,80
TEST_2027,203
TEST_2028,147
TEST_2029,385
TEST_2030,236
TEST_2031,-50
TEST_2032,59
TEST_2033,12
TEST_2034,246
TEST_2035,185
TEST_2036,260
TEST_2037,126
TEST_2038,79
TEST_2039,449
TEST_2040,123
TEST_2041,7
TEST_2042,349
TEST_2043,200
TEST_2044,424
TEST_2045,905
TEST_2046,-1
TEST_2047,41
TEST_2048,79
TEST_2049,133
TEST_2050,19
TEST_2051,39
TEST_2052,253
TEST_2053,38
TEST_2054,304
TEST_2055,416
TEST_2056,27
TEST_2057,473
TEST_2058,129
TEST_2059,197
TEST_2060,302
TEST_2061,276
TEST_2062,721
TEST_2063,326
TEST_2064,772
TEST_2065,858
TEST_2066,106
TEST_2067,10
TEST_2068,233
TEST_2069,2
TEST_2070,159
TEST_2071,177
TEST_2072,545
TEST_2073,318
TEST_2074,95
TEST_2075,210
TEST_2076,93
TEST_2077,130
TEST_2078,28
TEST_2079,735
TEST_2080,532
TEST_2081,83
TEST_2082,160
TEST_2083,25
TEST_2084,126
TEST_2085,-3
TEST_2086,320
TEST_2087,100
TEST_2088,69
TEST_2089,456
TEST_2090,907
TEST_2091,79
TEST_2092,873
TEST_2093,548
TEST_2094,91
TEST_2095,36
TEST_2096,477
TEST_2097,325
TEST_2098,126
TEST_2099,597
TEST_2100,177
TEST_2101,512
TEST_2102,616
TEST_2103,32
TEST_2104,132
TEST_2105,17
TEST_2106,43
TEST_2107,21
TEST_2108,631
TEST_2109,405
TEST_2110,572
TEST_2111,393
TEST_2112,49
TEST_2113,67
TEST_2114,13
TEST_2115,60
TEST_2116,4
TEST_2117,86
TEST_2118,49
TEST_2119,261
TEST_2120,56
TEST_2121,137
TEST_2122,62
TEST_2123,82
TEST_2124,303
TEST_2125,68
TEST_2126,252
TEST_2127,155
TEST_2128,269
TEST_2129,24
TEST_2130,88
TEST_2131,622
TEST_2132,122
TEST_2133,204
TEST_2134,33
TEST_2135,77
TEST_2136,143
TEST_2137,76
TEST_2138,1372
TEST_2139,143
TEST_2140,407
TEST_2141,1139
TEST_2142,242
TEST_2143,109
TEST_2144,34
TEST_2145,312
TEST_2146,271
TEST_2147,296
TEST_2148,119
TEST_2149,1131
TEST_2150,66
TEST_2151,254
TEST_2152,43
TEST_2153,82
TEST_2154,81
TEST_2155,81
TEST_2156,-37
TEST_2157,167
TEST_2158,46
TEST_2159,1342
TEST_2160,289
TEST_2161,188
TEST_2162,155
TEST_2163,139
TEST_2164,225
TEST_2165,167
TEST_2166,81
TEST_2167,95
TEST_2168,642
TEST_2169,42
TEST_2170,171
TEST_2171,420
TEST_2172,153
TEST_2173,40
TEST_2174,319
TEST_2175,58
TEST_2176,424
TEST_2177,82
TEST_2178,89
TEST_2179,935
TEST_2180,57
TEST_2181,232
TEST_2182,129
TEST_2183,504
TEST_2184,22
TEST_2185,342
TEST_2186,104
TEST_2187,69
TEST_2188,468
TEST_2189,71
TEST_2190,106
TEST_2191,66
TEST_2192,156
TEST_2193,305
TEST_2194,53
TEST_2195,752
TEST_2196,118
TEST_2197,43
TEST_2198,27
TEST_2199,76
TEST_2200,111
TEST_2201,81
TEST_2202,147
TEST_2203,2145
TEST_2204,560
TEST_2205,154
TEST_2206,172
TEST_2207,-2
TEST_2208,382
TEST_2209,301
TEST_2210,132
TEST_2211,481
TEST_2212,188
TEST_2213,206
TEST_2214,-16
TEST_2215,61
TEST_2216,31
TEST_2217,172
TEST_2218,242
TEST_2219,2
TEST_2220,44
TEST_2221,351
TEST_2222,-20
TEST_2223,170
TEST_2224,110
TEST_2225,131
TEST_2226,455
TEST_2227,25
TEST_2228,357
TEST_2229,831
TEST_2230,303
TEST_2231,167
TEST_2232,212
TEST_2233,59
TEST_2234,342
TEST_2235,164
TEST_2236,437
TEST_2237,137
TEST_2238,202
TEST_2239,179
TEST_2240,134
TEST_2241,511
TEST_2242,139
TEST_2243,-27
TEST_2244,93
TEST_2245,-6
TEST_2246,344
TEST_2247,391
TEST_2248,86
TEST_2249,237
TEST_2250,370
TEST_2251,-23
TEST_2252,293
TEST_2253,34
TEST_2254,382
TEST_2255,249
TEST_2256,736
TEST_2257,152
TEST_2258,268
TEST_2259,355
TEST_2260,111
TEST_2261,543
TEST_2262,483
TEST_2263,103
TEST_2264,142
TEST_2265,1114
TEST_2266,323
TEST_2267,93
TEST_2268,8
TEST_2269,76
TEST_2270,407
TEST_2271,555
TEST_2272,51
TEST_2273,84
TEST_2274,-9
TEST_2275,21
TEST_2276,38
TEST_2277,435
TEST_2278,50
TEST_2279,82
TEST_2280,-33
TEST_2281,310
TEST_2282,300
TEST_2283,241
TEST_2284,99
TEST_2285,525
TEST_2286,56
TEST_2287,32
TEST_2288,28
TEST_2289,237
TEST_2290,143
TEST_2291,574
TEST_2292,250
TEST_2293,38
TEST_2294,514
TEST_2295,683
TEST_2296,255
TEST_2297,324
TEST_2298,45
TEST_2299,4
TEST_2300,438
TEST_2301,255
TEST_2302,415
TEST_2303,50
TEST_2304,34
TEST_2305,159
TEST_2306,274
TEST_2307,331
TEST_2308,82
TEST_2309,369
TEST_2310,491
TEST_2311,79
TEST_2312,-8
TEST_2313,158
TEST_2314,23
TEST_2315,201
TEST_2316,165
TEST_2317,-27
TEST_2318,52
TEST_2319,305
TEST_2320,252
TEST_2321,251
TEST_2322,361
TEST_2323,221
TEST_2324,494
TEST_2325,59
TEST_2326,58
TEST_2327,2
TEST_2328,297
TEST_2329,2538
TEST_2330,436
TEST_2331,66
TEST_2332,68
TEST_2333,352
TEST_2334,57
TEST_2335,43
TEST_2336,639
TEST_2337,388
TEST_2338,356
TEST_2339,282
TEST_2340,93
TEST_2341,56
TEST_2342,136
TEST_2343,166
TEST_2344,1175
TEST_2345,20
TEST_2346,117
TEST_2347,606
TEST_2348,133
TEST_2349,11
TEST_2350,754
TEST_2351,91
TEST_2352,355
TEST_2353,362
TEST_2354,24
TEST_2355,199
TEST_2356,324
TEST_2357,190
TEST_2358,55
TEST_2359,414
TEST_2360,278
TEST_2361,26
TEST_2362,264
TEST_2363,35
TEST_2364,371
TEST_2365,326
TEST_2366,691
TEST_2367,221
TEST_2368,191
TEST_2369,630
TEST_2370,50
TEST_2371,46
TEST_2372,1120
TEST_2373,360
TEST_2374,345
TEST_2375,0
TEST_2376,239
TEST_2377,596
TEST_2378,179
TEST_2379,82
TEST_2380,182
TEST_2381,208
TEST_2382,166
TEST_2383,376
TEST_2384,126
TEST_2385,20
TEST_2386,430
TEST_2387,161
TEST_2388,552
TEST_2389,425
TEST_2390,228
TEST_2391,8
TEST_2392,537
TEST_2393,319
TEST_2394,64
TEST_2395,104
TEST_2396,225
TEST_2397,297
TEST_2398,302
TEST_2399,570
TEST_2400,126
TEST_2401,-29
TEST_2402,312
TEST_2403,54
TEST_2404,175
TEST_2405,795
TEST_2406,0
TEST_2407,650
TEST_2408,347
TEST_2409,19
TEST_2410,168
TEST_2411,7
TEST_2412,396
TEST_2413,21
TEST_2414,42
TEST_2415,98
TEST_2416,788
TEST_2417,302
TEST_2418,288
TEST_2419,76
TEST_2420,952
TEST_2421,297
TEST_2422,28
TEST_2423,428
TEST_2424,468
TEST_2425,48
TEST_2426,-7
TEST_2427,240
TEST_2428,57
TEST_2429,55
TEST_2430,456
TEST_2431,64
TEST_2432,1020
TEST_2433,66
TEST_2434,501
TEST_2435,348
TEST_2436,1705
TEST_2437,393
TEST_2438,187
TEST_2439,699
TEST_2440,426
TEST_2441,2
TEST_2442,37
TEST_2443,181
TEST_2444,330
TEST_2445,70
TEST_2446,-10
TEST_2447,58
TEST_2448,45
TEST_2449,222
TEST_2450,71
TEST_2451,49
TEST_2452,260
TEST_2453,-16
TEST_2454,137
TEST_2455,11
TEST_2456,26
TEST_2457,9
TEST_2458,175
TEST_2459,220
TEST_2460,421
TEST_2461,32
TEST_2462,-39
TEST_2463,354
TEST_2464,99
TEST_2465,281
TEST_2466,435
TEST_2467,72
TEST_2468,157
TEST_2469,100
TEST_2470,270
TEST_2471,621
TEST_2472,325
TEST_2473,542
TEST_2474,715
TEST_2475,300
TEST_2476,1754
TEST_2477,248
TEST_2478,-3
TEST_2479,204
TEST_2480,185
TEST_2481,100
TEST_2482,455
TEST_2483,124
TEST_2484,139
TEST_2485,57
TEST_2486,585
TEST_2487,180
TEST_2488,178
TEST_2489,24
TEST_2490,731
TEST_2491,198
TEST_2492,-10
TEST_2493,27
TEST_2494,315
TEST_2495,351
TEST_2496,656
TEST_2497,47
TEST_2498,329
TEST_2499,404
TEST_2500,60
TEST_2501,158
TEST_2502,-1
TEST_2503,330
TEST_2504,652
TEST_2505,44
TEST_2506,398
TEST_2507,193
TEST_2508,107
TEST_2509,222
TEST_2510,545
TEST_2511,65
TEST_2512,171
TEST_2513,345
TEST_2514,492
TEST_2515,177
TEST_2516,55
TEST_2517,205
TEST_2518,98
TEST_2519,45
TEST_2520,519
TEST_2521,10
TEST_2522,155
TEST_2523,196
TEST_2524,247
TEST_2525,35
TEST_2526,344
TEST_2527,474
TEST_2528,630
TEST_2529,115
TEST_2530,428
TEST_2531,441
TEST_2532,600
TEST_2533,53
TEST_2534,92
TEST_2535,42
TEST_2536,28
TEST_2537,28
TEST_2538,892
TEST_2539,155
TEST_2540,340
TEST_2541,145
TEST_2542,179
TEST_2543,489
TEST_2544,83
TEST_2545,367
TEST_2546,174
TEST_2547,106
TEST_2548,814
TEST_2549,75
TEST_2550,117
TEST_2551,327
TEST_2552,66
TEST_2553,293
TEST_2554,102
TEST_2555,372
TEST_2556,79
TEST_2557,69
TEST_2558,729
TEST_2559,12
TEST_2560,41
TEST_2561,-9
TEST_2562,2440
TEST_2563,111
TEST_2564,457
TEST_2565,101
TEST_2566,8
TEST_2567,430
TEST_2568,17
TEST_2569,21
TEST_2570,149
TEST_2571,386
TEST_2572,56
TEST_2573,660
TEST_2574,661
TEST_2575,415
TEST_2576,303
TEST_2577,154
TEST_2578,-6
TEST_2579,378
TEST_2580,38
TEST_2581,-4
TEST_2582,326
TEST_2583,58
TEST_2584,69
TEST_2585,148
TEST_2586,98
TEST_2587,305
TEST_2588,84
TEST_2589,490
TEST_2590,171
TEST_2591,99
TEST_2592,134
TEST_2593,325
TEST_2594,274
TEST_2595,53
TEST_2596,159
TEST_2597,696
TEST_2598,91
TEST_2599,1179
TEST_2600,493
TEST_2601,171
TEST_2602,78
TEST_2603,457
TEST_2604,798
TEST_2605,63
TEST_2606,137
TEST_2607,98
TEST_2608,0
TEST_2609,298
TEST_2610,34
TEST_2611,14
TEST_2612,28
TEST_2613,121
TEST_2614,328
TEST_2615,25
TEST_2616,93
TEST_2617,-4
TEST_2618,146
TEST_2619,126
TEST_2620,765
TEST_2621,160
TEST_2622,89
TEST_2623,106
TEST_2624,360
TEST_2625,1476
TEST_2626,1768
TEST_2627,181
TEST_2628,52
TEST_2629,-2
TEST_2630,66
TEST_2631,176
TEST_2632,12
TEST_2633,283
TEST_2634,433
TEST_2635,1703
TEST_2636,430
TEST_2637,475
TEST_2638,237
TEST_2639,79
TEST_2640,57
TEST_2641,167
TEST_2642,721
TEST_2643,361
TEST_2644,92
TEST_2645,98
TEST_2646,5
TEST_2647,385
TEST_2648,482
TEST_2649,329
TEST_2650,175
TEST_2651,136
TEST_2652,717
TEST_2653,461
TEST_2654,41
TEST_2655,397
TEST_2656,219
TEST_2657,269
TEST_2658,518
TEST_2659,224
TEST_2660,396
TEST_2661,201
TEST_2662,58
TEST_2663,30
TEST_2664,156
TEST_2665,219
TEST_2666,23
TEST_2667,146
TEST_2668,529
TEST_2669,88
TEST_2670,220
TEST_2671,371
TEST_2672,103
TEST_2673,355
TEST_2674,113
TEST_2675,384
TEST_2676,33
TEST_2677,48
TEST_2678,43
TEST_2679,376
TEST_2680,1960
TEST_2681,49
TEST_2682,63
TEST_2683,34
TEST_2684,67
TEST_2685,195
TEST_2686,189
TEST_2687,36
TEST_2688,147
TEST_2689,283
TEST_2690,83
TEST_2691,260
TEST_2692,153
TEST_2693,-11
TEST_2694,219
TEST_2695,821
TEST_2696,447
TEST_2697,56
TEST_2698,-81
TEST_2699,1175
TEST_2700,224
TEST_2701,79
TEST_2702,172
TEST_2703,459
TEST_2704,49
TEST_2705,237
TEST_2706,270
TEST_2707,378
TEST_2708,472
TEST_2709,331
TEST_2710,206
TEST_2711,154
TEST_2712,304
TEST_2713,-20
TEST_2714,88
TEST_2715,138
TEST_2716,196
TEST_2717,376
TEST_2718,17
TEST_2719,40
TEST_2720,261
TEST_2721,248
TEST_2722,126
TEST_2723,263
TEST_2724,291
TEST_2725,37
TEST_2726,28
TEST_2727,179
TEST_2728,130
TEST_2729,19
TEST_2730,23
TEST_2731,250
TEST_2732,435
TEST_2733,389
TEST_2734,68
TEST_2735,209
TEST_2736,77
TEST_2737,287
TEST_2738,377
TEST_2739,57
TEST_2740,464
TEST_2741,749
TEST_2742,772
TEST_2743,340
TEST_2744,151
TEST_2745,103
TEST_2746,97
TEST_2747,415
TEST_2748,61
TEST_2749,22
TEST_2750,30
TEST_2751,58
TEST_2752,521
TEST_2753,746
TEST_2754,44
TEST_2755,107
TEST_2756,126
TEST_2757,728
TEST_2758,268
TEST_2759,1006
TEST_2760,365
TEST_2761,192
TEST_2762,91
TEST_2763,385
TEST_2764,1
TEST_2765,714
TEST_2766,246
TEST_2767,308
TEST_2768,100
TEST_2769,174
TEST_2770,125
TEST_2771,213
TEST_2772,350
TEST_2773,-6
TEST_2774,301
TEST_2775,334
TEST_2776,347
TEST_2777,227
TEST_2778,1123
TEST_2779,59
TEST_2780,142
TEST_2781,1053
TEST_2782,353
TEST_2783,67
TEST_2784,141
TEST_2785,347
TEST_2786,-18
TEST_2787,63
TEST_2788,459
TEST_2789,67
TEST_2790,286
TEST_2791,283
TEST_2792,368
TEST_2793,139
TEST_2794,61
TEST_2795,629
TEST_2796,217
TEST_2797,454
TEST_2798,100
TEST_2799,61
TEST_2800,277
TEST_2801,246
TEST_2802,31
TEST_2803,347
TEST_2804,37
TEST_2805,73
TEST_2806,62
TEST_2807,285
TEST_2808,149
TEST_2809,174
TEST_2810,249
TEST_2811,481
TEST_2812,67
TEST_2813,146
TEST_2814,192
TEST_2815,105
TEST_2816,85
TEST_2817,79
TEST_2818,42
TEST_2819,20
TEST_2820,74
TEST_2821,152
TEST_2822,356
TEST_2823,43
TEST_2824,245
TEST_2825,836
TEST_2826,434
TEST_2827,1157
TEST_2828,138
TEST_2829,920
TEST_2830,45
TEST_2831,225
TEST_2832,222
TEST_2833,20
TEST_2834,220
TEST_2835,149
TEST_2836,418
TEST_2837,-24
TEST_2838,508
TEST_2839,192
TEST_2840,337
TEST_2841,158
TEST_2842,871
TEST_2843,170
TEST_2844,360
TEST_2845,73
TEST_2846,427
TEST_2847,445
TEST_2848,107
TEST_2849,476
TEST_2850,62
TEST_2851,398
TEST_2852,314
TEST_2853,276
TEST_2854,-4
TEST_2855,100
TEST_2856,924
TEST_2857,270
TEST_2858,210
TEST_2859,241
TEST_2860,139
TEST_2861,705
TEST_2862,45
TEST_2863,567
TEST_2864,110
TEST_2865,23
TEST_2866,159
TEST_2867,245
TEST_2868,104
TEST_2869,79
TEST_2870,-31
TEST_2871,330
TEST_2872,273
TEST_2873,815
TEST_2874,1026
TEST_2875,55
TEST_2876,110
TEST_2877,1206
TEST_2878,348
TEST_2879,4
TEST_2880,436
TEST_2881,79
TEST_2882,396
TEST_2883,158
TEST_2884,87
TEST_2885,387
TEST_2886,426
TEST_2887,390
TEST_2888,254
TEST_2889,50
TEST_2890,718
TEST_2891,241
TEST_2892,231
TEST_2893,296
TEST_2894,259
TEST_2895,727
TEST_2896,138
TEST_2897,181
TEST_2898,189
TEST_2899,48
TEST_2900,253
TEST_2901,405
TEST_2902,47
TEST_2903,168
TEST_2904,381
TEST_2905,122
TEST_2906,1414
TEST_2907,298
TEST_2908,31
TEST_2909,90
TEST_2910,806
TEST_2911,366
TEST_2912,72
TEST_2913,8
TEST_2914,982
TEST_2915,178
TEST_2916,789
TEST_2917,5
TEST_2918,219
TEST_2919,55
TEST_2920,122
TEST_2921,102
TEST_2922,506
TEST_2923,480
TEST_2924,14
TEST_2925,310
TEST_2926,319
TEST_2927,158
TEST_2928,251
TEST_2929,258
TEST_2930,149
TEST_2931,104
TEST_2932,341
TEST_2933,147
TEST_2934,29
TEST_2935,790
TEST_2936,-10
TEST_2937,178
TEST_2938,41
TEST_2939,250
TEST_2940,11
TEST_2941,313
TEST_2942,606
TEST_2943,575
TEST_2944,343
TEST_2945,333
TEST_2946,125
TEST_2947,438
TEST_2948,553
TEST_2949,243
TEST_2950,211
TEST_2951,1031
TEST_2952,313
TEST_2953,85
TEST_2954,70
TEST_2955,787
TEST_2956,730
TEST_2957,341
TEST_2958,290
TEST_2959,1043
TEST_2960,908
TEST_2961,80
TEST_2962,359
TEST_2963,1355
TEST_2964,230
TEST_2965,338
TEST_2966,55
TEST_2967,16
TEST_2968,813
TEST_2969,98
TEST_2970,111
TEST_2971,1125
TEST_2972,554
TEST_2973,241
TEST_2974,44
TEST_2975,79
TEST_2976,684
TEST_2977,25
TEST_2978,785
TEST_2979,98
TEST_2980,264
TEST_2981,82
TEST_2982,1024
TEST_2983,152
TEST_2984,1556
TEST_2985,123
TEST_2986,133
TEST_2987,393
TEST_2988,44
TEST_2989,433
TEST_2990,29
TEST_2991,1218
TEST_2992,288
TEST_2993,54
TEST_2994,59
TEST_2995,154
TEST_2996,113
TEST_2997,222
TEST_2998,1433
TEST_2999,101
TEST_3000,66
TEST_3001,390
TEST_3002,252
TEST_3003,18
TEST_3004,1218
TEST_3005,66
TEST_3006,68
TEST_3007,-80
TEST_3008,11
TEST_3009,480
TEST_3010,514
TEST_3011,-29
TEST_3012,330
TEST_3013,103
TEST_3014,1437
TEST_3015,245
TEST_3016,66
TEST_3017,740
TEST_3018,87
TEST_3019,102
TEST_3020,851
TEST_3021,154
TEST_3022,-18
TEST_3023,1068
TEST_3024,237
TEST_3025,191
TEST_3026,355
TEST_3027,254
TEST_3028,31
TEST_3029,221
TEST_3030,198
TEST_3031,43
TEST_3032,372
TEST_3033,355
TEST_3034,153
TEST_3035,27
TEST_3036,239
TEST_3037,45
TEST_3038,70
TEST_3039,310
TEST_3040,78
TEST_3041,111
TEST_3042,35
TEST_3043,90
TEST_3044,402
TEST_3045,131
TEST_3046,318
TEST_3047,503
TEST_3048,68
TEST_3049,331
TEST_3050,63
TEST_3051,61
TEST_3052,79
TEST_3053,504
TEST_3054,899
TEST_3055,410
TEST_3056,318
TEST_3057,524
TEST_3058,274
TEST_3059,35
TEST_3060,49
TEST_3061,364
TEST_3062,229
TEST_3063,98
TEST_3064,69
TEST_3065,268
TEST_3066,435
TEST_3067,36
TEST_3068,63
TEST_3069,94
TEST_3070,760
TEST_3071,221
TEST_3072,201
TEST_3073,292
TEST_3074,49
TEST_3075,149
TEST_3076,64
TEST_3077,508
TEST_3078,60
TEST_3079,23
TEST_3080,221
TEST_3081,32
TEST_3082,379
TEST_3083,137
TEST_3084,634
TEST_3085,1260
TEST_3086,610
TEST_3087,-6
TEST_3088,201
TEST_3089,14
TEST_3090,509
TEST_3091,68
TEST_3092,161
TEST_3093,707
TEST_3094,1063
TEST_3095,153
TEST_3096,427
TEST_3097,26
TEST_3098,868
TEST_3099,176
TEST_3100,162
TEST_3101,-5
TEST_3102,110
TEST_3103,196
TEST_3104,34
TEST_3105,297
TEST_3106,59
TEST_3107,139
TEST_3108,44
TEST_3109,476
TEST_3110,233
TEST_3111,102
TEST_3112,34
TEST_3113,355
TEST_3114,287
TEST_3115,716
TEST_3116,272
TEST_3117,104
TEST_3118,345
TEST_3119,90
TEST_3120,277
TEST_3121,52
TEST_3122,7
TEST_3123,281
TEST_3124,719
TEST_3125,-31
TEST_3126,373
TEST_3127,23
TEST_3128,41
TEST_3129,11
TEST_3130,158
TEST_3131,304
TEST_3132,88
TEST_3133,194
TEST_3134,38
TEST_3135,96
TEST_3136,329
TEST_3137,337
TEST_3138,338
TEST_3139,95
TEST_3140,26
TEST_3141,7
TEST_3142,351
TEST_3143,272
TEST_3144,-26
TEST_3145,981
TEST_3146,337
TEST_3147,368
TEST_3148,369
TEST_3149,55
TEST_3150,-11
TEST_3151,88
TEST_3152,118
TEST_3153,125
TEST_3154,271
TEST_3155,36
TEST_3156,26
TEST_3157,51
TEST_3158,185
TEST_3159,184
TEST_3160,749
TEST_3161,239
TEST_3162,64
TEST_3163,33
TEST_3164,352
TEST_3165,706
TEST_3166,160
TEST_3167,380
TEST_3168,111
TEST_3169,354
TEST_3170,153
TEST_3171,206
TEST_3172,312
TEST_3173,1109
TEST_3174,113
TEST_3175,164
TEST_3176,323
TEST_3177,236
TEST_3178,617
TEST_3179,108
TEST_3180,272
TEST_3181,797
TEST_3182,1077
TEST_3183,90
TEST_3184,46
TEST_3185,52
TEST_3186,29
TEST_3187,59
TEST_3188,137
TEST_3189,755
TEST_3190,517
TEST_3191,51
TEST_3192,27
TEST_3193,177
TEST_3194,360
TEST_3195,352
TEST_3196,147
TEST_3197,254
TEST_3198,340
TEST_3199,829
TEST_3200,72
TEST_3201,423
TEST_3202,178
TEST_3203,39
TEST_3204,101
TEST_3205,195
TEST_3206,28
TEST_3207,112
TEST_3208,115
TEST_3209,40
TEST_3210,1
TEST_3211,262
TEST_3212,107
TEST_3213,1132
TEST_3214,47
TEST_3215,334
TEST_3216,79
TEST_3217,93
TEST_3218,58
TEST_3219,47
TEST_3220,86
TEST_3221,342
TEST_3222,24
TEST_3223,529
TEST_3224,480
TEST_3225,390
TEST_3226,133
TEST_3227,543
TEST_3228,670
TEST_3229,33
TEST_3230,120
TEST_3231,419
TEST_3232,23
TEST_3233,85
TEST_3234,8
TEST_3235,182
TEST_3236,-16
TEST_3237,487
TEST_3238,263
TEST_3239,1092
TEST_3240,227
TEST_3241,451
TEST_3242,545
TEST_3243,48
TEST_3244,283
TEST_3245,862
TEST_3246,41
TEST_3247,347
TEST_3248,449
TEST_3249,286
TEST_3250,17
TEST_3251,658
TEST_3252,108
TEST_3253,108
TEST_3254,54
TEST_3255,73
TEST_3256,443
TEST_3257,131
TEST_3258,52
TEST_3259,431
TEST_3260,-8
TEST_3261,336
TEST_3262,213
TEST_3263,177
TEST_3264,1180
TEST_3265,9
TEST_3266,53
TEST_3267,25
TEST_3268,171
TEST_3269,1363
TEST_3270,903
TEST_3271,0
TEST_3272,436
TEST_3273,210
TEST_3274,-5
TEST_3275,368
TEST_3276,275
TEST_3277,336
TEST_3278,824
TEST_3279,75
TEST_3280,8
TEST_3281,76
TEST_3282,13
TEST_3283,153
TEST_3284,50
TEST_3285,1550
TEST_3286,380
TEST_3287,28
TEST_3288,443
TEST_3289,69
TEST_3290,202
TEST_3291,178
TEST_3292,33
TEST_3293,393
TEST_3294,46
TEST_3295,84
TEST_3296,718
TEST_3297,496
TEST_3298,568
TEST_3299,903
TEST_3300,197
TEST_3301,474
TEST_3302,86
TEST_3303,415
TEST_3304,81
TEST_3305,320
TEST_3306,403
TEST_3307,298
TEST_3308,106
TEST_3309,116
TEST_3310,166
TEST_3311,144
TEST_3312,248
TEST_3313,99
TEST_3314,397
TEST_3315,60
TEST_3316,-36
TEST_3317,378
TEST_3318,350
TEST_3319,334
TEST_3320,1081
TEST_3321,36
TEST_3322,202
TEST_3323,139
TEST_3324,11
TEST_3325,109
TEST_3326,82
TEST_3327,353
TEST_3328,177
TEST_3329,396
TEST_3330,36
TEST_3331,345
TEST_3332,132
TEST_3333,59
TEST_3334,107
TEST_3335,163
TEST_3336,287
TEST_3337,197
TEST_3338,444
TEST_3339,50
TEST_3340,545
TEST_3341,343
TEST_3342,630
TEST_3343,82
TEST_3344,233
TEST_3345,72
TEST_3346,162
TEST_3347,236
TEST_3348,34
TEST_3349,51
TEST_3350,56
TEST_3351,66
TEST_3352,259
TEST_3353,137
TEST_3354,151
TEST_3355,47
TEST_3356,618
TEST_3357,70
TEST_3358,297
TEST_3359,20
TEST_3360,457
TEST_3361,223
TEST_3362,571
TEST_3363,37
TEST_3364,92
TEST_3365,270
TEST_3366,9
TEST_3367,151
TEST_3368,141
TEST_3369,173
TEST_3370,190
TEST_3371,254
TEST_3372,268
TEST_3373,363
TEST_3374,165
TEST_3375,65
TEST_3376,71
TEST_3377,1324
TEST_3378,809
TEST_3379,203
TEST_3380,20
TEST_3381,45
TEST_3382,50
TEST_3383,71
TEST_3384,409
TEST_3385,656
TEST_3386,87
TEST_3387,245
TEST_3388,210
TEST_3389,30
TEST_3390,58
TEST_3391,113
TEST_3392,29
TEST_3393,109
TEST_3394,372
TEST_3395,150
TEST_3396,371
TEST_3397,201
TEST_3398,52
TEST_3399,207
TEST_3400,129
TEST_3401,185
TEST_3402,223
TEST_3403,32
TEST_3404,40
TEST_3405,386
TEST_3406,394
TEST_3407,318
TEST_3408,124
TEST_3409,153
TEST_3410,12
TEST_3411,401
TEST_3412,-44
TEST_3413,41
TEST_3414,-16
TEST_3415,197
TEST_3416,174
TEST_3417,327
TEST_3418,458
TEST_3419,92
TEST_3420,122
TEST_3421,70
TEST_3422,412
TEST_3423,52
TEST_3424,32
TEST_3425,141
TEST_3426,217
TEST_3427,37
TEST_3428,119
TEST_3429,434
TEST_3430,39
TEST_3431,266
TEST_3432,240
TEST_3433,758
TEST_3434,997
TEST_3435,227
TEST_3436,98
TEST_3437,-3
TEST_3438,70
TEST_3439,252
TEST_3440,245
TEST_3441,217
TEST_3442,1790
TEST_3443,136
TEST_3444,54
TEST_3445,67
TEST_3446,166
TEST_3447,48
TEST_3448,149
TEST_3449,82
TEST_3450,22
TEST_3451,538
TEST_3452,69
TEST_3453,57
TEST_3454,313
TEST_3455,31
TEST_3456,81
TEST_3457,364
TEST_3458,261
TEST_3459,135
TEST_3460,18
TEST_3461,487
TEST_3462,104
TEST_3463,113
TEST_3464,315
TEST_3465,192
TEST_3466,144
TEST_3467,19
TEST_3468,223
TEST_3469,3
TEST_3470,179
TEST_3471,347
TEST_3472,316
TEST_3473,189
TEST_3474,-16
TEST_3475,367
TEST_3476,197
TEST_3477,224
TEST_3478,-27
TEST_3479,403
TEST_3480,115
TEST_3481,2
TEST_3482,-7
TEST_3483,695
TEST_3484,592
TEST_3485,81
TEST_3486,94
TEST_3487,218
TEST_3488,974
TEST_3489,67
TEST_3490,100
TEST_3491,252
TEST_3492,576
TEST_3493,332
TEST_3494,105
TEST_3495,623
TEST_3496,124
TEST_3497,119
TEST_3498,583
TEST_3499,92
TEST_3500,-34
TEST_3501,1254
TEST_3502,239
TEST_3503,857
TEST_3504,343
TEST_3505,18
TEST_3506,98
TEST_3507,45
TEST_3508,450
TEST_3509,471
TEST_3510,168
TEST_3511,83
TEST_3512,50
TEST_3513,45
TEST_3514,143
TEST_3515,233
TEST_3516,210
TEST_3517,77
TEST_3518,307
TEST_3519,158
TEST_3520,165
TEST_3521,627
TEST_3522,33
TEST_3523,307
TEST_3524,128
TEST_3525,145
TEST_3526,157
TEST_3527,33
TEST_3528,381
TEST_3529,22
TEST_3530,74
TEST_3531,470
TEST_3532,301
TEST_3533,358
TEST_3534,39
TEST_3535,28
TEST_3536,57
TEST_3537,46
TEST_3538,296
TEST_3539,719
TEST_3540,6
TEST_3541,267
TEST_3542,627
TEST_3543,105
TEST_3544,45
TEST_3545,1273
TEST_3546,85
TEST_3547,225
TEST_3548,270
TEST_3549,-22
TEST_3550,-30
TEST_3551,91
TEST_3552,246
TEST_3553,471
TEST_3554,182
TEST_3555,118
TEST_3556,122
TEST_3557,75
TEST_3558,303
TEST_3559,206
TEST_3560,20
TEST_3561,224
TEST_3562,76
TEST_3563,66
TEST_3564,201
TEST_3565,15
TEST_3566,-14
TEST_3567,468
TEST_3568,1531
TEST_3569,436
TEST_3570,447
TEST_3571,7
TEST_3572,277
TEST_3573,92
TEST_3574,230
TEST_3575,406
TEST_3576,391
TEST_3577,298
TEST_3578,28
TEST_3579,241
TEST_3580,128
TEST_3581,209
TEST_3582,295
TEST_3583,163
TEST_3584,615
TEST_3585,189
TEST_3586,105
TEST_3587,150
TEST_3588,2
TEST_3589,318
TEST_3590,280
TEST_3591,103
TEST_3592,72
TEST_3593,3
TEST_3594,36
TEST_3595,19
TEST_3596,1
TEST_3597,141
TEST_3598,237
TEST_3599,1305
TEST_3600,69
TEST_3601,38
TEST_3602,241
TEST_3603,377
TEST_3604,145
TEST_3605,181
TEST_3606,82
TEST_3607,176
TEST_3608,239
TEST_3609,70
TEST_3610,8
TEST_3611,446
TEST_3612,628
TEST_3613,390
TEST_3614,1042
TEST_3615,644
TEST_3616,108
TEST_3617,38
TEST_3618,361
TEST_3619,219
TEST_3620,76
TEST_3621,387
TEST_3622,319
TEST_3623,6
TEST_3624,79
TEST_3625,1
TEST_3626,73
TEST_3627,373
TEST_3628,234
TEST_3629,739
TEST_3630,381
TEST_3631,33
TEST_3632,198
TEST_3633,43
TEST_3634,127
TEST_3635,25
TEST_3636,92
TEST_3637,255
TEST_3638,953
TEST_3639,475
TEST_3640,91
TEST_3641,-107
TEST_3642,339
TEST_3643,230
TEST_3644,386
TEST_3645,229
TEST_3646,40
TEST_3647,133
TEST_3648,78
TEST_3649,5
TEST_3650,28
TEST_3651,133
TEST_3652,164
TEST_3653,881
TEST_3654,1264
TEST_3655,459
TEST_3656,402
TEST_3657,304
TEST_3658,223
TEST_3659,1643
TEST_3660,278
TEST_3661,514
TEST_3662,138
TEST_3663,396
TEST_3664,105
TEST_3665,480
TEST_3666,21
TEST_3667,1450
TEST_3668,177
TEST_3669,332
TEST_3670,-11
TEST_3671,112
TEST_3672,550
TEST_3673,110
TEST_3674,137
TEST_3675,122
TEST_3676,8
TEST_3677,104
TEST_3678,1287
TEST_3679,365
TEST_3680,142
TEST_3681,31
TEST_3682,-38
TEST_3683,152
TEST_3684,21
TEST_3685,30
TEST_3686,209
TEST_3687,128
TEST_3688,-71
TEST_3689,271
TEST_3690,8
TEST_3691,485
TEST_3692,320
TEST_3693,627
TEST_3694,494
TEST_3695,560
TEST_3696,249
TEST_3697,292
TEST_3698,138
TEST_3699,259
TEST_3700,13
TEST_3701,209
TEST_3702,69
TEST_3703,48
TEST_3704,25
TEST_3705,119
TEST_3706,463
TEST_3707,59
TEST_3708,257
TEST_3709,269
TEST_3710,19
TEST_3711,91
TEST_3712,601
TEST_3713,447
TEST_3714,298
TEST_3715,502
TEST_3716,152
TEST_3717,366
TEST_3718,725
TEST_3719,313
TEST_3720,362
TEST_3721,13
TEST_3722,30
TEST_3723,513
TEST_3724,520
TEST_3725,64
TEST_3726,94
TEST_3727,281
TEST_3728,247
TEST_3729,1266
TEST_3730,401
TEST_3731,220
TEST_3732,139
TEST_3733,-37
TEST_3734,335
TEST_3735,74
TEST_3736,28
TEST_3737,52
TEST_3738,290
TEST_3739,122
TEST_3740,127
TEST_3741,13
TEST_3742,137
TEST_3743,281
TEST_3744,25
TEST_3745,519
TEST_3746,535
TEST_3747,521
TEST_3748,54
TEST_3749,888
TEST_3750,147
TEST_3751,90
TEST_3752,562
TEST_3753,428
TEST_3754,1386
TEST_3755,229
TEST_3756,203
TEST_3757,-7
TEST_3758,55
TEST_3759,37
TEST_3760,399
TEST_3761,266
TEST_3762,101
TEST_3763,695
TEST_3764,70
TEST_3765,84
TEST_3766,205
TEST_3767,319
TEST_3768,-4
TEST_3769,275
TEST_3770,3
TEST_3771,96
TEST_3772,29
TEST_3773,-79
TEST_3774,222
TEST_3775,39
TEST_3776,374
TEST_3777,14
TEST_3778,188
TEST_3779,390
TEST_3780,691
TEST_3781,67
TEST_3782,17
TEST_3783,134
TEST_3784,326
TEST_3785,562
TEST_3786,222
TEST_3787,129
TEST_3788,117
TEST_3789,90
TEST_3790,394
TEST_3791,755
TEST_3792,370
TEST_3793,67
TEST_3794,179
TEST_3795,1181
TEST_3796,81
TEST_3797,34
TEST_3798,60
TEST_3799,353
TEST_3800,-3
TEST_3801,532
TEST_3802,193
TEST_3803,48
TEST_3804,208
TEST_3805,191
TEST_3806,280
TEST_3807,463
TEST_3808,43
TEST_3809,152
TEST_3810,344
TEST_3811,108
TEST_3812,689
TEST_3813,361
TEST_3814,355
TEST_3815,65
TEST_3816,702
TEST_3817,113
TEST_3818,-29
TEST_3819,159
TEST_3820,47
TEST_3821,66
TEST_3822,119
TEST_3823,1289
TEST_3824,193
TEST_3825,62
TEST_3826,60
TEST_3827,37
TEST_3828,221
TEST_3829,387
TEST_3830,185
TEST_3831,128
TEST_3832,1
TEST_3833,33
TEST_3834,94
TEST_3835,351
TEST_3836,323
TEST_3837,316
TEST_3838,125
TEST_3839,245
TEST_3840,331
TEST_3841,405
TEST_3842,380
TEST_3843,94
TEST_3844,45
TEST_3845,25
TEST_3846,526
TEST_3847,389
TEST_3848,113
TEST_3849,177
TEST_3850,192
TEST_3851,441
TEST_3852,237
TEST_3853,565
TEST_3854,377
TEST_3855,63
TEST_3856,101
TEST_3857,107
TEST_3858,202
TEST_3859,118
TEST_3860,385
TEST_3861,71
TEST_3862,106
TEST_3863,659
TEST_3864,248
TEST_3865,-12
TEST_3866,823
TEST_3867,433
TEST_3868,305
TEST_3869,131
TEST_3870,216
TEST_3871,154
TEST_3872,831
TEST_3873,86
TEST_3874,49
TEST_3875,417
TEST_3876,121
TEST_3877,253
TEST_3878,118
TEST_3879,256
TEST_3880,63
TEST_3881,403
TEST_3882,295
TEST_3883,106
TEST_3884,415
TEST_3885,188
TEST_3886,956
TEST_3887,265
TEST_3888,40
TEST_3889,107
TEST_3890,-2
TEST_3891,98
TEST_3892,46
TEST_3893,1110
TEST_3894,182
TEST_3895,192
TEST_3896,317
TEST_3897,281
TEST_3898,50
TEST_3899,14
TEST_3900,17
TEST_3901,464
TEST_3902,51
TEST_3903,490
TEST_3904,394
TEST_3905,269
TEST_3906,71
TEST_3907,1667
TEST_3908,298
TEST_3909,78
TEST_3910,1111
TEST_3911,310
TEST_3912,160
TEST_3913,1205
TEST_3914,333
